{
	"credit": "mr_ch0c0late",
  "ambientocclusion": false,
	"render_type": "cutout",
	"textures": {
		"flowerpot": "floralench:blocks/floral_basket",
		"dirt": "block/dirt",
		"bottom": "block/hay_block_top",
		"particle": "#flowerpot"
	},
	"elements": [
		{
			"from": [0, 8, 8],
			"to": [16, 16, 8],
			"faces": {
				"north": {"uv": [0, 0, 16, 8], "texture": "#flowerpot"},
				"south": {"uv": [0, 0, 16, 8], "texture": "#flowerpot"}
			}
		},
		{
			"from": [0, 1, 2],
			"to": [16, 8, 3],
			"faces": {
				"north": {"uv": [0, 8, 16, 15], "texture": "#flowerpot"},
				"east": {"uv": [15, 8, 16, 15], "texture": "#flowerpot", "cullface": "east"},
				"south": {"uv": [16, 8, 0, 15], "texture": "#flowerpot"},
				"west": {"uv": [0, 8, 1, 15], "texture": "#flowerpot", "cullface": "west"},
				"up": {"uv": [16, 9, 0, 8], "texture": "#flowerpot"},
				"down": {"uv": [16, 14, 0, 15], "texture": "#flowerpot"}
			}
		},
		{
			"from": [0, 1, 3],
			"to": [1, 8, 13],
			"faces": {
				"east": {"uv": [13, 8, 3, 15], "texture": "#flowerpot"},
				"west": {"uv": [3, 8, 13, 15], "texture": "#flowerpot", "cullface": "west"},
				"up": {"uv": [3, 9, 13, 8], "rotation": 90, "texture": "#flowerpot"},
				"down": {"uv": [13, 15, 3, 14], "rotation": 90, "texture": "#flowerpot"}
			}
		},
		{
			"from": [0, 1, 13],
			"to": [16, 8, 14],
			"rotation": {"angle": 0, "axis": "y", "origin": [0, 0, 16]},
			"faces": {
				"north": {"uv": [0, 8, 16, 15], "texture": "#flowerpot"},
				"east": {"uv": [16, 8, 15, 15], "texture": "#flowerpot", "cullface": "east"},
				"south": {"uv": [16, 8, 0, 15], "texture": "#flowerpot"},
				"west": {"uv": [1, 8, 0, 15], "texture": "#flowerpot", "cullface": "west"},
				"up": {"uv": [16, 8, 0, 9], "texture": "#flowerpot"},
				"down": {"uv": [16, 15, 0, 14], "texture": "#flowerpot"}
			}
		},
		{
			"from": [15, 1, 3],
			"to": [16, 8, 13],
			"rotation": {"angle": 0, "axis": "y", "origin": [16, 0, 0]},
			"faces": {
				"east": {"uv": [13, 8, 3, 15], "texture": "#flowerpot", "cullface": "east"},
				"west": {"uv": [3, 8, 13, 15], "texture": "#flowerpot"},
				"up": {"uv": [3, 8, 13, 9], "rotation": 90, "texture": "#flowerpot"},
				"down": {"uv": [13, 14, 3, 15], "rotation": 90, "texture": "#flowerpot"}
			}
		},
		{
			"from": [1, 0, 3],
			"to": [15, 6, 13],
			"faces": {
				"north": {"uv": [1, 10, 15, 16], "texture": "#flowerpot"},
				"east": {"uv": [3, 10, 13, 16], "texture": "#flowerpot"},
				"south": {"uv": [1, 10, 15, 16], "texture": "#flowerpot"},
				"west": {"uv": [3, 10, 13, 16], "texture": "#flowerpot"},
				"up": {"uv": [15, 13, 1, 3], "texture": "#dirt"},
				"down": {"uv": [15, 3, 1, 13], "texture": "#bottom", "cullface": "down"}
			}
		}
	],
	"gui_light": "front",
	"display": {
		"thirdperson_righthand": {
			"rotation": [70, -90, 0],
			"translation": [0, -3.75, -3.75],
			"scale": [0.67969, 0.67969, 0.67969]
		},
		"thirdperson_lefthand": {
			"rotation": [70, -90, 0],
			"translation": [0, -3.75, -3.75],
			"scale": [0.67969, 0.67969, 0.67969]
		},
		"firstperson_righthand": {
			"rotation": [0, -80, 0],
			"translation": [5.25, -4.5, 0]
		},
		"firstperson_lefthand": {
			"rotation": [0, -80, 0],
			"translation": [5.25, -4.5, 0]
		},
		"ground": {
			"translation": [0, 3.5, 0],
			"scale": [0.6, 0.6, 0.6]
		},
		"gui": {
			"rotation": [34.75, -43, 0],
			"translation": [0, 1, 0],
			"scale": [0.75, 0.75, 0.75]
		},
		"head": {
			"translation": [0, 10.5, 0]
		},
		"fixed": {
			"translation": [0, 0, -3.25]
		}
	}
}