{
	"credit": "mr_ch0c0late",
	"ambientocclusion": false,
	"render_type": "cutout",
	"texture_size": [32, 32],
	"textures": {
		"particle": "#flowerpot",
		"flowerpot": "floralench:blocks/large_pot",
		"dirt": "block/dirt"
	},
	"elements": [
		{
			"from": [2.6, 6, 8],
			"to": [13.4, 18, 8],
			"shade": false,
			"rotation": {"angle": 45, "axis": "y", "origin": [8, 8, 8], "rescale": true},
			"faces": {
				"north": {"uv": [0, 0, 16, 16], "texture": "#plant"},
				"south": {"uv": [0, 0, 16, 16], "texture": "#plant"}
			}
		},
		{
			"from": [8, 6, 2.6],
			"to": [8, 18, 13.4],
			"shade": false,
			"rotation": {"angle": 45, "axis": "y", "origin": [8, 8, 8], "rescale": true},
			"faces": {
				"east": {"uv": [0, 0, 16, 16], "texture": "#plant"},
				"west": {"uv": [0, 0, 16, 16], "texture": "#plant"}
			}
		},
		{
			"from": [0, 0, 4],
			"to": [16, 8, 12],
			"faces": {
				"north": {"uv": [0, 4, 8, 8], "texture": "#flowerpot"},
				"east": {"uv": [0, 0, 4, 4], "texture": "#flowerpot", "cullface": "east"},
				"south": {"uv": [0, 4, 8, 8], "texture": "#flowerpot"},
				"west": {"uv": [0, 0, 4, 4], "texture": "#flowerpot", "cullface": "west"},
				"up": {"uv": [0, 12, 8, 16], "texture": "#flowerpot"},
				"down": {"uv": [0, 8, 8, 12], "texture": "#flowerpot", "cullface": "down"}
			}
		},
		{
			"from": [0.98, 8, 4.99],
			"to": [15.02, 6.02, 11.01],
			"faces": {
				"north": {"uv": [0.5, 5, 7.5, 4], "texture": "#flowerpot"},
				"east": {"uv": [0.5, 1, 3.5, 0], "texture": "#flowerpot"},
				"south": {"uv": [0.5, 5, 7.5, 4], "texture": "#flowerpot"},
				"west": {"uv": [0.5, 1, 3.5, 0], "texture": "#flowerpot"},
				"up": {"uv": [1, 5, 15, 11], "texture": "#dirt"}
			}
		}
	],
	"gui_light": "front",
	"display": {
		"thirdperson_righthand": {
			"rotation": [70, 0, 0],
			"translation": [-6, 4.5, 3.5]
		},
		"thirdperson_lefthand": {
			"rotation": [70, 0, 0],
			"translation": [-6, 4.5, 3.5]
		},
		"firstperson_righthand": {
			"translation": [-9, 1, 0]
		},
		"firstperson_lefthand": {
			"translation": [-9, 1, 0]
		},
		"ground": {
			"translation": [0, 3.5, 0],
			"scale": [0.6, 0.6, 0.6]
		},
		"gui": {
			"rotation": [34.75, -43, 0],
			"translation": [0, 1, 0],
			"scale": [0.75, 0.75, 0.75]
		},
		"head": {
			"translation": [0, 10.5, 0]
		},
		"fixed": {
			"translation": [0, 0, -3.25]
		}
	}
}