{
	"credit": "mr_ch0c0late",
	"ambientocclusion": false,
	"render_type": "cutout",
	"texture_size": [32, 32],
	"textures": {
		"2": "floralench:blocks/large_pot",
		"particle": "floralench:blocks/large_pot"
	},
	"elements": [
		{
			"from": [0, 0, 4],
			"to": [16, 8, 12],
			"faces": {
				"north": {"uv": [0, 4, 8, 8], "texture": "#2"},
				"east": {"uv": [0, 0, 4, 4], "texture": "#2", "cullface": "east"},
				"south": {"uv": [0, 4, 8, 8], "texture": "#2"},
				"west": {"uv": [0, 0, 4, 4], "texture": "#2", "cullface": "west"},
				"up": {"uv": [0, 12, 8, 16], "texture": "#2"},
				"down": {"uv": [0, 8, 8, 12], "texture": "#2", "cullface": "down"}
			}
		},
		{
			"from": [0.98, 8, 4.99],
			"to": [15.02, 1.02, 11.01],
			"faces": {
				"north": {"uv": [0.5, 7.5, 7.5, 4], "texture": "#2"},
				"east": {"uv": [0.5, 3.5, 3.5, 0], "texture": "#2"},
				"south": {"uv": [0.5, 7.5, 7.5, 4], "texture": "#2"},
				"west": {"uv": [0.5, 3.5, 3.5, 0], "texture": "#2"},
				"up": {"uv": [0.5, 8.5, 7.5, 11.5], "texture": "#2"}
			}
		}
	],
	"gui_light": "front",
	"display": {
		"thirdperson_righthand": {
			"rotation": [70, 0, 0],
			"translation": [-6, 4.5, 3.5]
		},
		"thirdperson_lefthand": {
			"rotation": [70, 0, 0],
			"translation": [-6, 4.5, 3.5]
		},
		"firstperson_righthand": {
			"translation": [-9, 1, 0]
		},
		"firstperson_lefthand": {
			"translation": [-9, 1, 0]
		},
		"ground": {
			"translation": [0, 3.5, 0],
			"scale": [0.6, 0.6, 0.6]
		},
		"gui": {
			"rotation": [34.75, -43, 0],
			"translation": [0, 1, 0],
			"scale": [0.75, 0.75, 0.75]
		},
		"head": {
			"translation": [0, 10.5, 0]
		},
		"fixed": {
			"translation": [0, 0, -3.25]
		}
	}
}