{
	"credit": "mr_ch0c0late",
	"ambientocclusion": false,
	"textures": {
		"bamboo": "bamboo_blocks:block/bamboo_torch_size0",
		"flowerpot": "block/custom_flower_pot",
		"dirt": "block/flower_pot_soil",
		"particle": "#flowerpot"
	},
	"elements": [
		{
			"from": [5, 0, 5],
			"to": [6, 6, 11],
			"faces": {
				"north": {"uv": [5, 10, 6, 16], "texture": "#flowerpot"},
				"east": {"uv": [0, 10, 6, 16], "texture": "#flowerpot"},
				"south": {"uv": [0, 10, 1, 16], "texture": "#flowerpot"},
				"west": {"uv": [0, 10, 6, 16], "texture": "#flowerpot"},
				"up": {"uv": [0, 4, 1, 10], "texture": "#flowerpot"},
				"down": {"uv": [6, 4, 7, 10], "texture": "#flowerpot", "cullface": "down"}
			}
		},
		{
			"from": [10, 0, 5],
			"to": [11, 6, 11],
			"faces": {
				"north": {"uv": [0, 10, 1, 16], "texture": "#flowerpot"},
				"east": {"uv": [0, 10, 6, 16], "texture": "#flowerpot"},
				"south": {"uv": [5, 10, 6, 16], "texture": "#flowerpot"},
				"west": {"uv": [0, 10, 6, 16], "texture": "#flowerpot"},
				"up": {"uv": [5, 4, 6, 10], "texture": "#flowerpot"},
				"down": {"uv": [11, 4, 12, 10], "texture": "#flowerpot", "cullface": "down"}
			}
		},
		{
			"from": [6, 0, 5],
			"to": [10, 6, 6],
			"faces": {
				"north": {"uv": [1, 10, 5, 16], "texture": "#flowerpot"},
				"south": {"uv": [1, 10, 5, 16], "texture": "#flowerpot"},
				"up": {"uv": [1, 4, 5, 5], "texture": "#flowerpot"},
				"down": {"uv": [7, 9, 11, 10], "texture": "#flowerpot", "cullface": "down"}
			}
		},
		{
			"from": [6, 0, 10],
			"to": [10, 6, 11],
			"faces": {
				"north": {"uv": [1, 10, 5, 16], "texture": "#flowerpot"},
				"south": {"uv": [1, 10, 5, 16], "texture": "#flowerpot"},
				"up": {"uv": [1, 9, 5, 10], "texture": "#flowerpot"},
				"down": {"uv": [7, 4, 11, 5], "texture": "#flowerpot", "cullface": "down"}
			}
		},
		{
			"from": [6, 0, 6],
			"to": [10, 4, 10],
			"faces": {
				"up": {"uv": [4, 4, 8, 8], "texture": "#dirt"},
				"down": {"uv": [7, 5, 11, 9], "texture": "#flowerpot", "cullface": "down"}
			}
		},
		{
			"from": [7, 4.001, 7],
			"to": [9, 14.001, 9],
			"faces": {
				"north": {"uv": [7, 2, 9, 12], "texture": "#bamboo"},
				"east": {"uv": [7, 2, 9, 12], "texture": "#bamboo"},
				"south": {"uv": [7, 2, 9, 12], "texture": "#bamboo"},
				"west": {"uv": [7, 2, 9, 12], "texture": "#bamboo"},
				"up": {"uv": [7, 2, 9, 4], "texture": "#bamboo", "cullface": "up"}
			}
		},
		{
			"from": [0, 0, 8],
			"to": [16, 14, 8],
			"shade": false,
			"faces": {
				"north": {"uv": [0, 2, 16, 16], "texture": "#bamboo"},
				"south": {"uv": [16, 2, 0, 16], "texture": "#bamboo"}
			}
		},
		{
			"from": [8, 0, 0],
			"to": [8, 14, 16],
			"shade": false,
			"faces": {
				"east": {"uv": [16, 2, 0, 16], "texture": "#bamboo"},
				"west": {"uv": [0, 2, 16, 16], "texture": "#bamboo"}
			}
		}
	]
}