{
	"credit": "Made with Blockbench by rozarke",
	"texture_size": [32, 32],
	"textures": {
		"ladder": "quark:block/ladder/acacia_ladder",
		"particle": "quark:block/acacia_ladder"
	},
	"elements": [
		{
			"from": [0, 13, 14],
			"to": [16, 15, 15],
			"faces": {
				"north": {"uv": [0, 0.5, 8, 1.5], "texture": "#ladder"},
				"east": {"uv": [0, 0.5, 0.5, 1.5], "texture": "#ladder"},
				"south": {"uv": [0, 0.5, 8, 1], "texture": "#ladder"},
				"west": {"uv": [7.5, 0.5, 8, 1.5], "texture": "#ladder"},
				"up": {"uv": [0, 0.5, 8, 1], "texture": "#ladder"},
				"down": {"uv": [0, 1, 8, 1.5], "texture": "#ladder"}
			}
		},
		{
			"from": [2, 9, 14],
			"to": [16, 11, 15],
			"faces": {
				"north": {"uv": [0, 2.5, 7, 3.5], "texture": "#ladder"},
				"east": {"uv": [0, 2.5, 0.5, 3.5], "texture": "#ladder"},
				"south": {"uv": [0, 2.5, 7, 3], "texture": "#ladder"},
				"west": {"uv": [7, 2.5, 6.5, 3.5], "texture": "#ladder"},
				"up": {"uv": [0, 2.5, 7, 3], "texture": "#ladder"},
				"down": {"uv": [0, 3, 7, 3.5], "texture": "#ladder"}
			}
		},
		{
			"from": [0, 5, 14],
			"to": [15, 7, 15],
			"faces": {
				"north": {"uv": [0.5, 4.5, 8, 5.5], "texture": "#ladder"},
				"east": {"uv": [0.5, 4.5, 1, 5.5], "texture": "#ladder"},
				"south": {"uv": [0.5, 4.5, 8, 5.5], "texture": "#ladder"},
				"west": {"uv": [8, 4.5, 7.5, 5.5], "texture": "#ladder"},
				"up": {"uv": [0.5, 4.5, 8, 5], "texture": "#ladder"},
				"down": {"uv": [0.5, 5, 8, 5.5], "texture": "#ladder"}
			}
		},
		{
			"from": [1, 1, 14],
			"to": [15, 3, 15],
			"faces": {
				"north": {"uv": [0.5, 6.5, 7.5, 7.5], "texture": "#ladder"},
				"east": {"uv": [0.5, 6.5, 1, 7.5], "texture": "#ladder"},
				"south": {"uv": [0.5, 6.5, 7.5, 7.5], "texture": "#ladder"},
				"west": {"uv": [7.5, 6.5, 7, 7.5], "texture": "#ladder"},
				"up": {"uv": [0.5, 6.5, 7.5, 7], "texture": "#ladder"},
				"down": {"uv": [0.5, 7, 7.5, 7.5], "texture": "#ladder"}
			}
		},
		{
			"from": [11, 0, 15],
			"to": [12, 16, 16],
			"faces": {
				"north": {"uv": [2, 8, 2.5, 16], "texture": "#ladder"},
				"east": {"uv": [2, 8, 2.5, 16], "texture": "#ladder"},
				"south": {"uv": [2, 8, 2.5, 16], "texture": "#ladder"},
				"west": {"uv": [2, 8, 2.5, 16], "texture": "#ladder"},
				"up": {"uv": [2, 15.5, 2.5, 16], "texture": "#ladder"},
				"down": {"uv": [2, 8, 2.5, 8.5], "texture": "#ladder"}
			}
		},
		{
			"from": [4, 0, 15],
			"to": [5, 16, 16],
			"faces": {
				"north": {"uv": [2, 8, 2.5, 16], "texture": "#ladder"},
				"east": {"uv": [2, 8, 2.5, 16], "texture": "#ladder"},
				"south": {"uv": [2, 8, 2.5, 16], "texture": "#ladder"},
				"west": {"uv": [2, 8, 2.5, 16], "texture": "#ladder"},
				"up": {"uv": [2, 15.5, 2.5, 16], "texture": "#ladder"},
				"down": {"uv": [2, 8, 2.5, 8.5], "texture": "#ladder"}
			}
		}
	]
}