{
	"credit": "Made with Blockbench by rozarke",
	"textures": {
		"ladder": "quark:block/azalea_ladder",
		"particle": "quark:block/azalea_ladder"
	},
	"elements": [
		{
			"from": [1, 0, 14],
			"to": [3, 16, 16],
			"faces": {
				"north": {"uv": [13, 0, 15, 16], "texture": "#ladder"},
				"east": {"uv": [13, 0, 15, 16], "texture": "#ladder"},
				"south": {"uv": [13, 0, 15, 16], "texture": "#ladder"},
				"west": {"uv": [13, 0, 15, 16], "texture": "#ladder"},
				"up": {"uv": [13, 0, 15, 2], "texture": "#ladder"},
				"down": {"uv": [13, 13, 15, 15], "texture": "#ladder"}
			}
		},
		{
			"from": [13, 0, 14],
			"to": [15, 16, 16],
			"faces": {
				"north": {"uv": [1, 0, 3, 16], "texture": "#ladder"},
				"east": {"uv": [1, 0, 3, 16], "texture": "#ladder"},
				"south": {"uv": [1, 0, 3, 16], "texture": "#ladder"},
				"west": {"uv": [1, 0, 3, 16], "texture": "#ladder"},
				"up": {"uv": [1, 0, 3, 2], "texture": "#ladder"},
				"down": {"uv": [1, 13, 3, 15], "texture": "#ladder"}
			}
		},
		{
			"from": [3, 1, 14.5],
			"to": [13, 3, 15.5],
			"faces": {
				"north": {"uv": [3, 13, 13, 15], "texture": "#ladder"},
				"east": {"uv": [0, 0, 1, 2], "texture": "#ladder"},
				"south": {"uv": [3, 13, 13, 15], "texture": "#ladder"},
				"west": {"uv": [0, 0, 1, 2], "texture": "#ladder"},
				"up": {"uv": [3, 13, 13, 14], "texture": "#ladder"},
				"down": {"uv": [3, 14, 13, 15], "texture": "#ladder"}
			}
		},
		{
			"from": [3, 5, 14.5],
			"to": [13, 7, 15.5],
			"faces": {
				"north": {"uv": [3, 9, 13, 11], "texture": "#ladder"},
				"east": {"uv": [0, 0, 1, 2], "texture": "#ladder"},
				"south": {"uv": [3, 9, 13, 11], "texture": "#ladder"},
				"west": {"uv": [0, 0, 1, 2], "texture": "#ladder"},
				"up": {"uv": [3, 9, 13, 10], "texture": "#ladder"},
				"down": {"uv": [3, 10, 13, 11], "texture": "#ladder"}
			}
		},
		{
			"from": [3, 9, 14.5],
			"to": [13, 11, 15.5],
			"faces": {
				"north": {"uv": [3, 5, 13, 7], "texture": "#ladder"},
				"east": {"uv": [0, 0, 1, 2], "texture": "#ladder"},
				"south": {"uv": [3, 5, 13, 7], "texture": "#ladder"},
				"west": {"uv": [0, 0, 1, 2], "texture": "#ladder"},
				"up": {"uv": [3, 5, 13, 6], "texture": "#ladder"},
				"down": {"uv": [3, 6, 13, 7], "texture": "#ladder"}
			}
		},
		{
			"from": [3, 13, 14.5],
			"to": [13, 15, 15.5],
			"faces": {
				"north": {"uv": [3, 1, 13, 3], "texture": "#ladder"},
				"east": {"uv": [0, 0, 1, 2], "texture": "#ladder"},
				"south": {"uv": [3, 1, 13, 3], "texture": "#ladder"},
				"west": {"uv": [0, 0, 1, 2], "texture": "#ladder"},
				"up": {"uv": [3, 1, 13, 2], "texture": "#ladder"},
				"down": {"uv": [3, 1, 13, 2], "texture": "#ladder"}
			}
		}
	]
}