{
	"credit": "Made with Blockbench by rozarke",
	"texture_size": [32, 32],
	"textures": {
		"ladder": "quark:block/ladder/birch_ladder",
		"particle": "quark:block/birch_ladder"
	},
	"elements": [
		{
			"from": [0, 1, 14],
			"to": [16, 2, 15],
			"faces": {
				"north": {"uv": [0, 7, 8, 7.5], "texture": "#ladder"},
				"east": {"uv": [7.5, 7, 8, 7.5], "texture": "#ladder"},
				"south": {"uv": [0, 7, 8, 7.5], "texture": "#ladder"},
				"west": {"uv": [0, 7, 0.5, 7.5], "texture": "#ladder"},
				"up": {"uv": [0, 7, 8, 7.5], "texture": "#ladder"},
				"down": {"uv": [0, 7, 8, 7.5], "texture": "#ladder"}
			}
		},
		{
			"from": [0, 5, 14],
			"to": [16, 6, 15],
			"faces": {
				"north": {"uv": [0, 5, 8, 5.5], "texture": "#ladder"},
				"east": {"uv": [7.5, 5, 8, 5.5], "texture": "#ladder"},
				"south": {"uv": [0, 5, 8, 5.5], "texture": "#ladder"},
				"west": {"uv": [0, 5, 0.5, 5.5], "texture": "#ladder"},
				"up": {"uv": [0, 5, 8, 5.5], "texture": "#ladder"},
				"down": {"uv": [0, 5, 8, 5.5], "texture": "#ladder"}
			}
		},
		{
			"from": [0, 9, 14],
			"to": [16, 10, 15],
			"faces": {
				"north": {"uv": [0, 3, 8, 3.5], "texture": "#ladder"},
				"east": {"uv": [7.5, 3, 8, 3.5], "texture": "#ladder"},
				"south": {"uv": [0, 3, 8, 3.5], "texture": "#ladder"},
				"west": {"uv": [0, 3, 0.5, 3.5], "texture": "#ladder"},
				"up": {"uv": [0, 3, 8, 3.5], "texture": "#ladder"},
				"down": {"uv": [0, 3, 8, 3.5], "texture": "#ladder"}
			}
		},
		{
			"from": [0, 13, 14],
			"to": [16, 14, 15],
			"faces": {
				"north": {"uv": [0, 1, 8, 1.5], "texture": "#ladder"},
				"east": {"uv": [0, 1, 0.5, 1.5], "texture": "#ladder"},
				"south": {"uv": [0, 1, 8, 1.5], "texture": "#ladder"},
				"west": {"uv": [7.5, 1, 8, 1.5], "texture": "#ladder"},
				"up": {"uv": [0, 1, 8, 1.5], "texture": "#ladder"},
				"down": {"uv": [0, 1, 8, 1.5], "texture": "#ladder"}
			}
		},
		{
			"from": [1, 0, 15],
			"to": [3, 16, 16],
			"faces": {
				"north": {"uv": [6.5, 8, 7.5, 16], "texture": "#ladder"},
				"east": {"uv": [6.5, 8, 7.5, 16], "texture": "#ladder"},
				"south": {"uv": [6.5, 8, 7, 16], "texture": "#ladder"},
				"west": {"uv": [7, 8, 7.5, 16], "texture": "#ladder"},
				"up": {"uv": [6.5, 8, 7.5, 8.5], "texture": "#ladder"},
				"down": {"uv": [6.5, 15.5, 7.5, 16], "texture": "#ladder"}
			}
		},
		{
			"from": [7, 0, 15],
			"to": [9, 16, 16],
			"faces": {
				"north": {"uv": [3.5, 8, 4.5, 16], "texture": "#ladder"},
				"east": {"uv": [3.5, 8, 4, 16], "texture": "#ladder"},
				"south": {"uv": [3.5, 8, 4.5, 16], "texture": "#ladder"},
				"west": {"uv": [4, 8, 4.5, 16], "texture": "#ladder"},
				"up": {"uv": [3.5, 8, 4.5, 8.5], "texture": "#ladder"},
				"down": {"uv": [3.5, 15.5, 4.5, 16], "texture": "#ladder"}
			}
		},
		{
			"from": [13, 0, 15],
			"to": [15, 16, 16],
			"faces": {
				"north": {"uv": [0.5, 8, 1.5, 16], "texture": "#ladder"},
				"east": {"uv": [0.5, 8, 1, 16], "texture": "#ladder"},
				"south": {"uv": [0.5, 8, 1.5, 16], "texture": "#ladder"},
				"west": {"uv": [1, 8, 1.5, 16], "texture": "#ladder"},
				"up": {"uv": [0.5, 8, 1.5, 8.5], "texture": "#ladder"},
				"down": {"uv": [0.5, 15.5, 1.5, 16], "texture": "#ladder"}
			}
		}
	],
	"groups": [
		{
			"name": "step",
			"origin": [0, 0, 0],
			"color": 0,
			"nbt": "{}",
			"armAnimationEnabled": false,
			"children": [0, 1, 2, 3]
		},
		{
			"name": "rail",
			"origin": [0, 0, 0],
			"color": 0,
			"nbt": "{}",
			"armAnimationEnabled": false,
			"children": [4, 5, 6]
		}
	]
}