{
	"credit": "Made with Blockbench by rozarke",
	"texture_size": [32, 32],
	"textures": {
		"ladder": "quark:block/ladder/crimson_ladder",
		"particle": "quark:block/crimson_ladder"
	},
	"elements": [
		{
			"from": [0, 0, 14],
			"to": [2, 16, 16],
			"faces": {
				"north": {"uv": [7, 0, 8, 8], "texture": "#ladder"},
				"east": {"uv": [7, 0, 8, 8], "texture": "#ladder"},
				"south": {"uv": [7, 0, 8, 8], "texture": "#ladder"},
				"west": {"uv": [7, 0, 8, 8], "texture": "#ladder"},
				"up": {"uv": [7, 4.5, 8, 5.5], "texture": "#ladder"},
				"down": {"uv": [7, 7, 8, 8], "texture": "#ladder"}
			}
		},
		{
			"from": [14, 0, 14],
			"to": [16, 16, 16],
			"faces": {
				"north": {"uv": [0, 0, 1, 8], "texture": "#ladder"},
				"east": {"uv": [0, 0, 1, 8], "texture": "#ladder"},
				"south": {"uv": [0, 0, 1, 8], "texture": "#ladder"},
				"west": {"uv": [0, 0, 1, 8], "texture": "#ladder"},
				"up": {"uv": [0, 4.5, 1, 5.5], "texture": "#ladder"},
				"down": {"uv": [0, 7, 1, 8], "texture": "#ladder"}
			}
		},
		{
			"from": [5, 0, 15],
			"to": [11, 16, 16],
			"faces": {
				"north": {"uv": [2.5, 8, 5.5, 16], "texture": "#ladder"},
				"east": {"uv": [5, 8, 5.5, 16], "texture": "#ladder"},
				"south": {"uv": [2.5, 8, 5.5, 16], "texture": "#ladder"},
				"west": {"uv": [2.5, 8, 3, 16], "texture": "#ladder"},
				"up": {"uv": [2.5, 10, 5.5, 10.5], "texture": "#ladder"},
				"down": {"uv": [2.5, 8, 5.5, 8.5], "texture": "#ladder"}
			}
		},
		{
			"from": [3, 9, 14],
			"to": [13, 15, 15],
			"faces": {
				"north": {"uv": [1.5, 0.5, 6.5, 3.5], "texture": "#ladder"},
				"east": {"uv": [6, 0.5, 6.5, 3.5], "texture": "#ladder"},
				"south": {"uv": [1.5, 0.5, 6.5, 3.5], "texture": "#ladder"},
				"west": {"uv": [1.5, 0.5, 2, 3.5], "texture": "#ladder"},
				"up": {"uv": [1.5, 0.5, 6.5, 1], "texture": "#ladder"},
				"down": {"uv": [1.5, 3, 6.5, 3.5], "texture": "#ladder"}
			}
		},
		{
			"from": [3, 1, 14],
			"to": [13, 7, 15],
			"faces": {
				"north": {"uv": [1.5, 4.5, 6.5, 7.5], "texture": "#ladder"},
				"east": {"uv": [6, 4.5, 6.5, 7.5], "texture": "#ladder"},
				"south": {"uv": [1.5, 4.5, 6.5, 7.5], "texture": "#ladder"},
				"west": {"uv": [1.5, 4.5, 2, 7.5], "texture": "#ladder"},
				"up": {"uv": [1.5, 4.5, 6.5, 5], "texture": "#ladder"},
				"down": {"uv": [1.5, 7, 6.5, 7.5], "texture": "#ladder"}
			}
		}
	],
	"groups": [
		{
			"name": "rail",
			"origin": [0, 0, 0],
			"color": 0,
			"nbt": "{}",
			"armAnimationEnabled": false,
			"children": [0, 1, 2]
		},
		{
			"name": "step",
			"origin": [0, 0, 0],
			"color": 0,
			"nbt": "{}",
			"armAnimationEnabled": false,
			"children": [3, 4]
		}
	]
}