{
  "variants": {
    "age=0": {
      "model": "farmersdelight:block/tomatoes_stage0"
    },
    "age=1": {
      "model": "farmersdelight:block/tomatoes_stage0"
    },
    "age=2": {
      "model": "farmersdelight:block/tomatoes_stage1"
    },
    "age=3": {
      "model": "farmersdelight:block/tomatoes_stage1"
    },
    "age=4": {
      "model": "farmersdelight:block/tomatoes_stage2"
    },
    "age=5": {
      "model": "farmersdelight:block/tomatoes_stage2"
    },
    "age=6": {
      "model": "farmersdelight:block/tomatoes_stage3"
    },
    "age=7": [ 
		 { "model": "farmersdelight:block/tomatoes_stage4", "weight": 1 }, 
		 { "model": "farmersdelight:block/tomatoes_stage4_1", "weight": 1 },
		 { "model": "farmersdelight:block/tomatoes_stage4_2", "weight": 1 },
		 { "model": "farmersdelight:block/tomatoes_stage4_3", "weight": 1 } ]
  }
}