{
	"credit": "mr_ch0c0late",
	"ambientocclusion": false,
	"textures": {
		"plant": "wilderwild:block/potted_small_dripleaf",
		"flowerpot": "block/custom_flower_pot",
		"dirt": "block/clay",
		"particle": "#flowerpot"
	},
	"elements": [
		{
			"from": [3, 11, 3],
			"to": [8, 12, 8],
			"shade": false,
			"rotation": {"angle": 0, "axis": "y", "origin": [0, 4, 0]},
			"faces": {
				"north": {"uv": [1, 0, 6, 1], "texture": "#plant"},
				"east": {"uv": [6, 1, 7, 6], "rotation": 90, "texture": "#plant"},
				"south": {"uv": [1, 6, 6, 7], "rotation": 180, "texture": "#plant"},
				"west": {"uv": [0, 1, 1, 6], "rotation": 270, "texture": "#plant"},
				"up": {"uv": [1, 1, 6, 6], "texture": "#plant"}
			}
		},
		{
			"from": [8, 12, 8],
			"to": [3, 11, 3],
			"shade": false,
			"rotation": {"angle": 0, "axis": "y", "origin": [0, 4, 0]},
			"faces": {
				"north": {"uv": [1, 0, 6, 1], "texture": "#plant"},
				"east": {"uv": [6, 1, 7, 6], "rotation": 90, "texture": "#plant"},
				"south": {"uv": [1, 6, 6, 7], "rotation": 180, "texture": "#plant"},
				"west": {"uv": [0, 1, 1, 6], "rotation": 270, "texture": "#plant"},
				"down": {"uv": [6, 1, 1, 6], "texture": "#plant"}
			}
		},
		{
			"from": [9, 14, 9],
			"to": [14, 15, 14],
			"shade": false,
			"rotation": {"angle": 0, "axis": "y", "origin": [11.5, 14.5, 11.5]},
			"faces": {
				"north": {"uv": [1, 6, 6, 7], "rotation": 180, "texture": "#plant"},
				"east": {"uv": [0, 1, 1, 6], "rotation": 270, "texture": "#plant"},
				"south": {"uv": [1, 0, 6, 1], "texture": "#plant"},
				"west": {"uv": [6, 1, 7, 6], "rotation": 90, "texture": "#plant"},
				"up": {"uv": [1, 1, 6, 6], "rotation": 180, "texture": "#plant"}
			}
		},
		{
			"from": [14, 15, 14],
			"to": [9, 14, 9],
			"shade": false,
			"rotation": {"angle": 0, "axis": "y", "origin": [11.5, 14.5, 11.5]},
			"faces": {
				"north": {"uv": [1, 6, 6, 7], "rotation": 180, "texture": "#plant"},
				"east": {"uv": [0, 1, 1, 6], "rotation": 270, "texture": "#plant"},
				"south": {"uv": [1, 0, 6, 1], "texture": "#plant"},
				"west": {"uv": [6, 1, 7, 6], "rotation": 90, "texture": "#plant"},
				"down": {"uv": [6, 1, 1, 6], "rotation": 180, "texture": "#plant"}
			}
		},
		{
			"from": [2, 8, 9],
			"to": [7, 9, 14],
			"shade": false,
			"rotation": {"angle": 0, "axis": "y", "origin": [4.5, 11.5, 11.5]},
			"faces": {
				"north": {"uv": [6, 1, 7, 6], "rotation": 90, "texture": "#plant"},
				"east": {"uv": [1, 6, 6, 7], "rotation": 180, "texture": "#plant"},
				"south": {"uv": [0, 1, 1, 6], "rotation": 270, "texture": "#plant"},
				"west": {"uv": [1, 0, 6, 1], "texture": "#plant"},
				"up": {"uv": [1, 1, 6, 6], "rotation": 270, "texture": "#plant"}
			}
		},
		{
			"from": [7, 9, 14],
			"to": [2, 8, 9],
			"shade": false,
			"rotation": {"angle": 0, "axis": "y", "origin": [4.5, 11.5, 11.5]},
			"faces": {
				"north": {"uv": [6, 1, 7, 6], "rotation": 90, "texture": "#plant"},
				"east": {"uv": [1, 6, 6, 7], "rotation": 180, "texture": "#plant"},
				"south": {"uv": [0, 1, 1, 6], "rotation": 270, "texture": "#plant"},
				"west": {"uv": [1, 0, 6, 1], "texture": "#plant"},
				"down": {"uv": [6, 1, 1, 6], "rotation": 90, "texture": "#plant"}
			}
		},
		{
			"from": [4, 4, 8],
			"to": [12, 16, 8],
			"shade": false,
			"rotation": {"angle": 45, "axis": "y", "origin": [8, 12, 8]},
			"faces": {
				"north": {"uv": [8, 4, 16, 16], "texture": "#plant"},
				"south": {"uv": [16, 4, 8, 16], "texture": "#plant"},
				"west": {"uv": [0, 0, 0, 12], "texture": "#plant"}
			}
		},
		{
			"from": [8, 4, 4],
			"to": [8, 16, 12],
			"shade": false,
			"rotation": {"angle": 45, "axis": "y", "origin": [8, 12, 8]},
			"faces": {
				"north": {"uv": [0, 0, 0, 12], "texture": "#plant"},
				"east": {"uv": [16, 4, 8, 16], "texture": "#plant"},
				"west": {"uv": [8, 4, 16, 16], "texture": "#plant"}
			}
		},
		{
			"from": [10, 6, 10],
			"to": [6, 4, 6],
			"faces": {
				"north": {"uv": [5, 12, 1, 10], "texture": "#flowerpot"},
				"east": {"uv": [5, 12, 1, 10], "texture": "#flowerpot"},
				"south": {"uv": [5, 12, 1, 10], "texture": "#flowerpot"},
				"west": {"uv": [5, 12, 1, 10], "texture": "#flowerpot"}
			}
		},
		{
			"from": [6, 4, 6],
			"to": [10, 4, 10],
			"faces": {
				"up": {"uv": [6, 6, 10, 10], "texture": "#dirt"}
			}
		},
		{
			"from": [5, 0, 5],
			"to": [11, 6, 11],
			"faces": {
				"north": {"uv": [0, 10, 6, 16], "texture": "#flowerpot"},
				"east": {"uv": [0, 10, 6, 16], "texture": "#flowerpot"},
				"south": {"uv": [0, 10, 6, 16], "texture": "#flowerpot"},
				"west": {"uv": [0, 10, 6, 16], "texture": "#flowerpot"},
				"up": {"uv": [0, 4, 6, 10], "texture": "#flowerpot"},
				"down": {"uv": [6, 4, 12, 10], "texture": "#flowerpot", "cullface": "down"}
			}
		}
	],
	"groups": [
		{
			"name": "plant",
			"origin": [8, 8, 8],
			"color": 0,
			"shade": false,
			"children": [
				{
					"name": "group",
					"origin": [0, 4, 0],
					"color": 0,
					"shade": false,
					"children": [0, 1]
				},
				{
					"name": "group",
					"origin": [0, 4, 0],
					"color": 0,
					"shade": false,
					"children": [2, 3]
				},
				{
					"name": "group",
					"origin": [0, 4, 0],
					"color": 0,
					"shade": false,
					"children": [4, 5]
				},
				6,
				7
			]
		},
		{
			"name": "pot",
			"origin": [0, 0, 0],
			"color": 0,
			"children": [8, 9, 10]
		}
	]
}