{
	"credit": "mr_ch0c0late",
	"ambientocclusion": false,
	"textures": {
		"plant": "wilderwild:block/potted_big_dripleaf",
		"dirt": "block/clay",
		"flowerpot": "block/custom_flower_pot",
		"particle": "#flowerpot"
	},
	"elements": [
		{
			"from": [10, 6, 10],
			"to": [6, 4, 6],
			"faces": {
				"north": {"uv": [5, 12, 1, 10], "texture": "#flowerpot"},
				"east": {"uv": [5, 12, 1, 10], "texture": "#flowerpot"},
				"south": {"uv": [5, 12, 1, 10], "texture": "#flowerpot"},
				"west": {"uv": [5, 12, 1, 10], "texture": "#flowerpot"}
			}
		},
		{
			"from": [6, 4, 6],
			"to": [10, 4, 10],
			"faces": {
				"up": {"uv": [6, 6, 10, 10], "texture": "dirt"}
			}
		},
		{
			"from": [5, 0, 5],
			"to": [11, 6, 11],
			"faces": {
				"north": {"uv": [0, 10, 6, 16], "texture": "#flowerpot"},
				"east": {"uv": [0, 10, 6, 16], "texture": "#flowerpot"},
				"south": {"uv": [0, 10, 6, 16], "texture": "#flowerpot"},
				"west": {"uv": [0, 10, 6, 16], "texture": "#flowerpot"},
				"up": {"uv": [0, 4, 6, 10], "texture": "#flowerpot"},
				"down": {"uv": [6, 4, 12, 10], "texture": "#flowerpot", "cullface": "down"}
			}
		},
		{
			"from": [4, 4, 8],
			"to": [12, 16, 8],
			"shade": false,
			"rotation": {"angle": 45, "axis": "y", "origin": [8, 8, 8]},
			"faces": {
				"north": {"uv": [8, 4, 16, 16], "texture": "#plant"},
				"south": {"uv": [16, 4, 8, 16], "texture": "#plant"}
			}
		},
		{
			"from": [8, 4, 4],
			"to": [8, 16, 12],
			"shade": false,
			"rotation": {"angle": 45, "axis": "y", "origin": [8, 8, 8]},
			"faces": {
				"east": {"uv": [16, 4, 8, 16], "texture": "#plant"},
				"west": {"uv": [8, 4, 16, 16], "texture": "#plant"}
			}
		},
		{
			"from": [4, 15, 1],
			"to": [12, 16, 9],
			"shade": false,
			"faces": {
				"north": {"uv": [0, 8, 8, 9], "texture": "#plant"},
				"east": {"uv": [0, 8, 1, 16], "rotation": 90, "texture": "#plant"},
				"west": {"uv": [7, 8, 8, 16], "rotation": 270, "texture": "#plant"},
				"up": {"uv": [0, 8, 8, 0], "texture": "#plant"}
			}
		},
		{
			"from": [12, 16, 9],
			"to": [4, 15, 1],
			"shade": false,
			"faces": {
				"east": {"uv": [7, 16, 8, 8], "rotation": 90, "texture": "#plant"},
				"south": {"uv": [8, 8, 0, 9], "texture": "#plant"},
				"west": {"uv": [0, 16, 1, 8], "rotation": 270, "texture": "#plant"},
				"down": {"uv": [8, 8, 0, 0], "texture": "#plant"}
			}
		}
	],
	"groups": [
		{
			"name": "pot",
			"origin": [0, 0, 0],
			"color": 0,
			"children": [0, 1, 2]
		},
		{
			"name": "plant",
			"origin": [8, 8, 8],
			"color": 0,
			"children": [3, 4, 5, 6]
		}
	]
}