{
	"credit": "Made with Blockbench",
	"textures": {
		"particle": "block/dark_oak_leaves",
		"flowerpot": "block/dark_oak_leaves"
	},
	"elements": [
		{
			"from": [0, 0, 0],
			"to": [16, 16, 16],
			"faces": {
				"north": {"uv": [0, 0, 16, 16], "texture": "#flowerpot", "tintindex": 0},
				"east": {"uv": [0, 0, 16, 16], "texture": "#flowerpot", "tintindex": 0},
				"south": {"uv": [0, 0, 16, 16], "texture": "#flowerpot", "tintindex": 0},
				"west": {"uv": [0, 0, 16, 16], "texture": "#flowerpot", "tintindex": 0},
				"up": {"uv": [0, 0, 16, 16], "texture": "#flowerpot", "tintindex": 0},
				"down": {"uv": [0, 0, 16, 16], "texture": "#flowerpot", "tintindex": 0}
			}
		}
	],
	"display": {
		"thirdperson_righthand": {
			"rotation": [75, 135, 0],
			"translation": [0, 2.5, 0],
			"scale": [0.375, 0.375, 0.375]
		},
		"firstperson_righthand": {
			"rotation": [0, 135, 0],
			"scale": [0.4, 0.4, 0.4]
		},
		"firstperson_lefthand": {
			"rotation": [0, 135, 0],
			"scale": [0.4, 0.4, 0.4]
		},
		"ground": {
			"translation": [0, 3, 0],
			"scale": [0.25, 0.25, 0.25]
		},
		"gui": {
			"rotation": [30, 135, 0],
			"scale": [0.625, 0.625, 0.625]
		},
		"fixed": {
			"scale": [0.5, 0.5, 0.5]
		}
	}
}