{
	"__comment": "Designed by Intermacgod with BDcraft Cubik PRO 0.85 Beta - http://bdcraft.net",
	"gui_light": "front",
	"textures": {
		"particle": "item/g/glass_bottle/glass_bottle",
		"glass_bottle_1": "item/g/glass_bottle/glass_bottle_1",
		"glass_bottle_2": "item/g/glass_bottle/glass_bottle_2"
	},
	"elements": [ 	 
		{
			"__comment": "Bottle*",
			"from": [ 9.498899, 0.9999, 6.0016 ],
			"to": [ 9.998899, 2.9999, 6.501599 ],
			"faces": {
				"down": { "uv": [ 1.00125, 7.001251, 2.49875, 8.498751 ], "texture": "#glass_bottle_1", "rotation": 270 },
				"up": { "uv": [ 1.00125, 7.001251, 2.49875, 8.498751 ], "texture": "#glass_bottle_1", "rotation": 90 },
				"north": { "uv": [ 1.00125, 7.001251, 2.49875, 8.498751 ], "texture": "#glass_bottle_1" },
				"east": { "uv": [ 1.00125, 7.001251, 2.49875, 8.498751 ], "texture": "#glass_bottle_1" }
			}
		},
		{
			"__comment": "Bottle*",
			"from": [ 8.999599, 3.0008, 6.5005 ],
			"to": [ 9.499599, 3.5008, 7.0005 ],
			"faces": {
				"up": { "uv": [ 1.00125, 7.001251, 2.49875, 8.498751 ], "texture": "#glass_bottle_1", "rotation": 90 }
			}
		},
		{
			"__comment": "Bottle*",
			"from": [ 7, 3.4991, 6.5002 ],
			"to": [ 9, 3.9991, 9.5002 ],
			"faces": {
				"up": { "uv": [ 1.00125, 7.001251, 2.49875, 8.498751 ], "texture": "#glass_bottle_1", "rotation": 90 },
				"north": { "uv": [ 1.00125, 7.001251, 2.49875, 8.498751 ], "texture": "#glass_bottle_1" },
				"south": { "uv": [ 1.00125, 7.001251, 2.49875, 8.498751 ], "texture": "#glass_bottle_1" },
				"west": { "uv": [ 1.00125, 7.001251, 2.49875, 8.498751 ], "texture": "#glass_bottle_1" },
				"east": { "uv": [ 1.00125, 7.001251, 2.49875, 8.498751 ], "texture": "#glass_bottle_1" }
			}
		},
		{
			"__comment": "Bottle*",
			"from": [ 6.5005, 3.0005, 6.4997 ],
			"to": [ 7.0005, 3.5005, 6.9997 ],
			"faces": {
				"up": { "uv": [ 1.00125, 7.001251, 2.49875, 8.498751 ], "texture": "#glass_bottle_1", "rotation": 90 }
			}
		},
		{
			"__comment": "Bottle*",
			"from": [ 5.9999, 0.999, 5.9997 ],
			"to": [ 6.4999, 2.999, 6.4997 ],
			"faces": {
				"down": { "uv": [ 1.00125, 7.001251, 2.49875, 8.498751 ], "texture": "#glass_bottle_1", "rotation": 270 },
				"up": { "uv": [ 1.00125, 7.001251, 2.49875, 8.498751 ], "texture": "#glass_bottle_1", "rotation": 90 },
				"north": { "uv": [ 1.00125, 7.001251, 2.49875, 8.498751 ], "texture": "#glass_bottle_1" },
				"west": { "uv": [ 1.00125, 7.001251, 2.49875, 8.498751 ], "texture": "#glass_bottle_1" }
			}
		},
		{
			"__comment": "Bottle*",
			"from": [ 8.9992, 3.5007, 7.0008 ],
			"to": [ 9.4992, 4.000696, 9.000799 ],
			"faces": {
				"up": { "uv": [ 1.00125, 7.001251, 2.49875, 8.498751 ], "texture": "#glass_bottle_1", "rotation": 90 },
				"north": { "uv": [ 1.00125, 7.001251, 2.49875, 8.498751 ], "texture": "#glass_bottle_1" },
				"south": { "uv": [ 1.00125, 7.001251, 2.49875, 8.498751 ], "texture": "#glass_bottle_1" },
				"east": { "uv": [ 1.00125, 7.001251, 2.49875, 8.498751 ], "texture": "#glass_bottle_1" }
			}
		},
		{
			"__comment": "Bottle*",
			"from": [ 6.0012, 2.9994, 6.5013 ],
			"to": [ 6.5012, 3.4994, 7.0013 ],
			"faces": {
				"up": { "uv": [ 1.00125, 7.001251, 2.49875, 8.498751 ], "texture": "#glass_bottle_1", "rotation": 90 },
				"north": { "uv": [ 1.00125, 7.001251, 2.49875, 8.498751 ], "texture": "#glass_bottle_1" },
				"west": { "uv": [ 1.00125, 7.001251, 2.49875, 8.498751 ], "texture": "#glass_bottle_1" }
			}
		},
		{
			"__comment": "Element",
			"from": [ 6.9998, 7.5003, 7.0011 ],
			"to": [ 8.9998, 8.000299, 9.001099 ],
			"faces": {
				"down": { "uv": [ 1.00125, 6.998749, 2.49875, 6.001251 ], "texture": "#glass_bottle_1", "rotation": 270 },
				"up": { "uv": [ 1.00125, 6.001251, 2.49875, 6.998749 ], "texture": "#glass_bottle_1", "rotation": 90 },
				"north": { "uv": [ 1.00125, 6.001251, 2.49875, 6.498749 ], "texture": "#glass_bottle_1" },
				"south": { "uv": [ 1.00125, 6.001251, 2.49875, 6.498749 ], "texture": "#glass_bottle_1" },
				"west": { "uv": [ 1.00125, 6.001251, 2.49875, 6.498749 ], "texture": "#glass_bottle_1" },
				"east": { "uv": [ 1.00125, 6.001251, 2.49875, 6.498749 ], "texture": "#glass_bottle_1" }
			}
		},
		{
			"__comment": "Bottle*",
			"from": [ 5.9992, 0.9993, 9.5 ],
			"to": [ 6.4992, 2.999301, 10 ],
			"faces": {
				"down": { "uv": [ 1.00125, 7.001251, 2.49875, 8.498751 ], "texture": "#glass_bottle_1", "rotation": 270 },
				"up": { "uv": [ 1.00125, 7.001251, 2.49875, 8.498751 ], "texture": "#glass_bottle_1", "rotation": 90 },
				"south": { "uv": [ 1.00125, 7.001251, 2.49875, 8.498751 ], "texture": "#glass_bottle_1" },
				"west": { "uv": [ 1.00125, 7.001251, 2.49875, 8.498751 ], "texture": "#glass_bottle_1" }
			}
		},
		{
			"__comment": "Bottle*",
			"from": [ 9.5, 0.9987, 9.4993 ],
			"to": [ 10, 2.998699, 9.9993 ],
			"faces": {
				"down": { "uv": [ 1.00125, 7.001251, 2.49875, 8.498751 ], "texture": "#glass_bottle_1", "rotation": 270 },
				"up": { "uv": [ 1.00125, 7.001251, 2.49875, 8.498751 ], "texture": "#glass_bottle_1", "rotation": 90 },
				"south": { "uv": [ 1.00125, 7.001251, 2.49875, 8.498751 ], "texture": "#glass_bottle_1" },
				"east": { "uv": [ 1.00125, 7.001251, 2.49875, 8.498751 ], "texture": "#glass_bottle_1" }
			}
		},
		{
			"__comment": "Bottle*",
			"from": [ 6.4996, 3.5004, 7.0003 ],
			"to": [ 6.9996, 4.000399, 9.000301 ],
			"faces": {
				"up": { "uv": [ 1.00125, 7.001251, 2.49875, 8.498751 ], "texture": "#glass_bottle_1", "rotation": 90 },
				"north": { "uv": [ 1.00125, 7.001251, 2.49875, 8.498751 ], "texture": "#glass_bottle_1" },
				"south": { "uv": [ 1.00125, 7.001251, 2.49875, 8.498751 ], "texture": "#glass_bottle_1" },
				"west": { "uv": [ 1.00125, 7.001251, 2.49875, 8.498751 ], "texture": "#glass_bottle_1" }
			}
		},
		{
			"__comment": "Bottle*",
			"from": [ 9.500299, 3.0012, 6.5003 ],
			"to": [ 10.0003, 3.5012, 7.0003 ],
			"faces": {
				"up": { "uv": [ 1.00125, 7.001251, 2.49875, 8.498751 ], "texture": "#glass_bottle_1", "rotation": 90 },
				"north": { "uv": [ 1.00125, 7.001251, 2.49875, 8.498751 ], "texture": "#glass_bottle_1" },
				"east": { "uv": [ 1.00125, 7.001251, 2.49875, 8.498751 ], "texture": "#glass_bottle_1" }
			}
		},
		{
			"__comment": "Bottle*",
			"from": [ 6.501, 3.0001, 5.9998 ],
			"to": [ 7.001, 3.5001, 6.4998 ],
			"faces": {
				"up": { "uv": [ 1.00125, 7.001251, 2.49875, 8.498751 ], "texture": "#glass_bottle_1", "rotation": 90 },
				"north": { "uv": [ 1.00125, 7.001251, 2.49875, 8.498751 ], "texture": "#glass_bottle_1" },
				"west": { "uv": [ 1.00125, 7.001251, 2.49875, 8.498751 ], "texture": "#glass_bottle_1" }
			}
		},
		{
			"__comment": "Bottle*",
			"from": [ 9.0007, 3.0015, 6.0001 ],
			"to": [ 9.5007, 3.5015, 6.5001 ],
			"faces": {
				"up": { "uv": [ 1.00125, 7.001251, 2.49875, 8.498751 ], "texture": "#glass_bottle_1", "rotation": 90 },
				"north": { "uv": [ 1.00125, 7.001251, 2.49875, 8.498751 ], "texture": "#glass_bottle_1" },
				"east": { "uv": [ 1.00125, 7.001251, 2.49875, 8.498751 ], "texture": "#glass_bottle_1" }
			}
		},
		{
			"__comment": "Bottle*",
			"from": [ 9.499599, 2.9993, 8.9994 ],
			"to": [ 9.999599, 3.4993, 9.4994 ],
			"faces": {
				"up": { "uv": [ 1.00125, 7.001251, 2.49875, 8.498751 ], "texture": "#glass_bottle_1", "rotation": 90 },
				"south": { "uv": [ 1.00125, 7.001251, 2.49875, 8.498751 ], "texture": "#glass_bottle_1" },
				"east": { "uv": [ 1.00125, 7.001251, 2.49875, 8.498751 ], "texture": "#glass_bottle_1" }
			}
		},
		{
			"__comment": "Bottle*",
			"from": [ 9.000199, 2.9995, 9.5001 ],
			"to": [ 9.500199, 3.4995, 10.0001 ],
			"faces": {
				"up": { "uv": [ 1.00125, 7.001251, 2.49875, 8.498751 ], "texture": "#glass_bottle_1", "rotation": 90 },
				"south": { "uv": [ 1.00125, 7.001251, 2.49875, 8.498751 ], "texture": "#glass_bottle_1" },
				"east": { "uv": [ 1.00125, 7.001251, 2.49875, 8.498751 ], "texture": "#glass_bottle_1" }
			}
		},
		{
			"__comment": "Bottle*",
			"from": [ 6.5, 3.0017, 9.4998 ],
			"to": [ 7, 3.5017, 9.9998 ],
			"faces": {
				"up": { "uv": [ 1.00125, 7.001251, 2.49875, 8.498751 ], "texture": "#glass_bottle_1", "rotation": 90 },
				"south": { "uv": [ 1.00125, 7.001251, 2.49875, 8.498751 ], "texture": "#glass_bottle_1" },
				"west": { "uv": [ 1.00125, 7.001251, 2.49875, 8.498751 ], "texture": "#glass_bottle_1" }
			}
		},
		{
			"__comment": "Bottle*",
			"from": [ 5.9998, 3, 9.000199 ],
			"to": [ 6.4998, 3.5, 9.500198 ],
			"faces": {
				"up": { "uv": [ 1.00125, 7.001251, 2.49875, 8.498751 ], "texture": "#glass_bottle_1", "rotation": 90 },
				"south": { "uv": [ 1.00125, 7.001251, 2.49875, 8.498751 ], "texture": "#glass_bottle_1" },
				"west": { "uv": [ 1.00125, 7.001251, 2.49875, 8.498751 ], "texture": "#glass_bottle_1" }
			}
		},
		{
			"__comment": "Bottle*",
			"from": [ 9.0006, 2.9995, 9.0001 ],
			"to": [ 9.5006, 3.4995, 9.5001 ],
			"faces": {
				"up": { "uv": [ 1.00125, 7.001251, 2.49875, 8.498751 ], "texture": "#glass_bottle_1", "rotation": 90 }
			}
		},
		{
			"__comment": "Bottle*",
			"from": [ 6.4993, 2.9999, 9.0013 ],
			"to": [ 6.9993, 3.4999, 9.5013 ],
			"faces": {
				"up": { "uv": [ 1.00125, 7.001251, 2.49875, 8.498751 ], "texture": "#glass_bottle_1", "rotation": 90 }
			}
		},
		{
			"__comment": "Bottle*",
			"from": [ 8.9994, 0.5013, 5.9991 ],
			"to": [ 9.4994, 1.0013, 6.4991 ],
			"faces": {
				"down": { "uv": [ 1.00125, 7.001251, 2.49875, 8.498751 ], "texture": "#glass_bottle_1" },
				"north": { "uv": [ 1.00125, 7.001251, 2.49875, 8.498751 ], "texture": "#glass_bottle_1" },
				"south": { "uv": [ 1.00125, 7.001251, 2.49875, 8.498751 ], "texture": "#glass_bottle_1" },
				"east": { "uv": [ 1.00125, 7.001251, 2.49875, 8.498751 ], "texture": "#glass_bottle_1" }
			}
		},
		{
			"__comment": "Bottle*",
			"from": [ 9.5005, 0.5007, 6.5008 ],
			"to": [ 10.00049, 1.0007, 7.0008 ],
			"faces": {
				"down": { "uv": [ 1.00125, 7.001251, 2.49875, 8.498751 ], "texture": "#glass_bottle_1" },
				"north": { "uv": [ 1.00125, 7.001251, 2.49875, 8.498751 ], "texture": "#glass_bottle_1" },
				"west": { "uv": [ 1.00125, 7.001251, 2.49875, 8.498751 ], "texture": "#glass_bottle_1" },
				"east": { "uv": [ 1.00125, 7.001251, 2.49875, 8.498751 ], "texture": "#glass_bottle_1" }
			}
		},
		{
			"__comment": "Bottle*",
			"from": [ 6.4999, 0.4991, 5.9994 ],
			"to": [ 6.9999, 0.9991, 6.4994 ],
			"faces": {
				"down": { "uv": [ 1.00125, 7.001251, 2.49875, 8.498751 ], "texture": "#glass_bottle_1" },
				"north": { "uv": [ 1.00125, 7.001251, 2.49875, 8.498751 ], "texture": "#glass_bottle_1" },
				"south": { "uv": [ 1.00125, 7.001251, 2.49875, 8.498751 ], "texture": "#glass_bottle_1" },
				"west": { "uv": [ 1.00125, 7.001251, 2.49875, 8.498751 ], "texture": "#glass_bottle_1" }
			}
		},
		{
			"__comment": "Bottle*",
			"from": [ 5.9991, 0.5007, 6.4987 ],
			"to": [ 6.4991, 1.0007, 6.998701 ],
			"faces": {
				"down": { "uv": [ 1.00125, 7.001251, 2.49875, 8.498751 ], "texture": "#glass_bottle_1" },
				"north": { "uv": [ 1.00125, 7.001251, 2.49875, 8.498751 ], "texture": "#glass_bottle_1" },
				"west": { "uv": [ 1.00125, 7.001251, 2.49875, 8.498751 ], "texture": "#glass_bottle_1" },
				"east": { "uv": [ 1.00125, 7.001251, 2.49875, 8.498751 ], "texture": "#glass_bottle_1" }
			}
		},
		{
			"__comment": "Bottle*",
			"from": [ 6.0013, 0.4998, 9.0001 ],
			"to": [ 6.5013, 0.9998, 9.5001 ],
			"faces": {
				"down": { "uv": [ 1.00125, 7.001251, 2.49875, 8.498751 ], "texture": "#glass_bottle_1" },
				"south": { "uv": [ 1.00125, 7.001251, 2.49875, 8.498751 ], "texture": "#glass_bottle_1" },
				"west": { "uv": [ 1.00125, 7.001251, 2.49875, 8.498751 ], "texture": "#glass_bottle_1" },
				"east": { "uv": [ 1.00125, 7.001251, 2.49875, 8.498751 ], "texture": "#glass_bottle_1" }
			}
		},
		{
			"__comment": "Bottle*",
			"from": [ 6.5, 0.5, 9.4993 ],
			"to": [ 7.000001, 1, 9.9993 ],
			"faces": {
				"down": { "uv": [ 1.00125, 7.001251, 2.49875, 8.498751 ], "texture": "#glass_bottle_1" },
				"north": { "uv": [ 1.00125, 7.001251, 2.49875, 8.498751 ], "texture": "#glass_bottle_1" },
				"south": { "uv": [ 1.00125, 7.001251, 2.49875, 8.498751 ], "texture": "#glass_bottle_1" },
				"west": { "uv": [ 1.00125, 7.001251, 2.49875, 8.498751 ], "texture": "#glass_bottle_1" }
			}
		},
		{
			"__comment": "Bottle*",
			"from": [ 9.0008, 0.4991, 9.500199 ],
			"to": [ 9.5008, 0.9991, 10.00019 ],
			"faces": {
				"down": { "uv": [ 1.00125, 7.001251, 2.49875, 8.498751 ], "texture": "#glass_bottle_1" },
				"north": { "uv": [ 1.00125, 7.001251, 2.49875, 8.498751 ], "texture": "#glass_bottle_1" },
				"south": { "uv": [ 1.00125, 7.001251, 2.49875, 8.498751 ], "texture": "#glass_bottle_1" },
				"east": { "uv": [ 1.00125, 7.001251, 2.49875, 8.498751 ], "texture": "#glass_bottle_1" }
			}
		},
		{
			"__comment": "Bottle*",
			"from": [ 9.5005, 0.5004, 8.9999 ],
			"to": [ 10.0005, 1.0004, 9.4999 ],
			"faces": {
				"down": { "uv": [ 1.00125, 7.001251, 2.49875, 8.498751 ], "texture": "#glass_bottle_1" },
				"south": { "uv": [ 1.00125, 7.001251, 2.49875, 8.498751 ], "texture": "#glass_bottle_1" },
				"west": { "uv": [ 1.00125, 7.001251, 2.49875, 8.498751 ], "texture": "#glass_bottle_1" },
				"east": { "uv": [ 1.00125, 7.001251, 2.49875, 8.498751 ], "texture": "#glass_bottle_1" }
			}
		},
		{
			"__comment": "Bottle*",
			"from": [ 8.998899, 0.0005, 6.4991 ],
			"to": [ 9.498899, 0.5005, 9.4991 ],
			"faces": {
				"down": { "uv": [ 1.00125, 7.001251, 2.49875, 8.498751 ], "texture": "#glass_bottle_1", "cullface": "down" },
				"up": { "uv": [ 1.00125, 7.001251, 2.49875, 8.498751 ], "texture": "#glass_bottle_1", "rotation": 90 },
				"north": { "uv": [ 1.00125, 7.001251, 2.49875, 8.498751 ], "texture": "#glass_bottle_1" },
				"south": { "uv": [ 1.00125, 7.001251, 2.49875, 8.498751 ], "texture": "#glass_bottle_1" },
				"west": { "uv": [ 1.00125, 7.001251, 2.49875, 8.498751 ], "texture": "#glass_bottle_1" },
				"east": { "uv": [ 1.00125, 7.001251, 2.49875, 8.498751 ], "texture": "#glass_bottle_1" }
			}
		},
		{
			"__comment": "Bottle*",
			"from": [ 6.5006, 0.0003, 6.4986 ],
			"to": [ 7.0006, 0.5003, 9.498602 ],
			"faces": {
				"down": { "uv": [ 1.00125, 7.001251, 2.49875, 8.498751 ], "texture": "#glass_bottle_1", "cullface": "down" },
				"up": { "uv": [ 1.00125, 7.001251, 2.49875, 8.498751 ], "texture": "#glass_bottle_1", "rotation": 90 },
				"north": { "uv": [ 1.00125, 7.001251, 2.49875, 8.498751 ], "texture": "#glass_bottle_1" },
				"south": { "uv": [ 1.00125, 7.001251, 2.49875, 8.498751 ], "texture": "#glass_bottle_1" },
				"west": { "uv": [ 1.00125, 7.001251, 2.49875, 8.498751 ], "texture": "#glass_bottle_1" },
				"east": { "uv": [ 1.00125, 7.001251, 2.49875, 8.498751 ], "texture": "#glass_bottle_1" }
			}
		},
		{
			"__comment": "Bottle*",
			"from": [ 7.0011, 0.0003, 6.5001 ],
			"to": [ 9.001099, 0.5003, 7.0001 ],
			"faces": {
				"down": { "uv": [ 1.00125, 7.001251, 2.49875, 8.498751 ], "texture": "#glass_bottle_1", "cullface": "down" },
				"north": { "uv": [ 1.00125, 7.001251, 2.49875, 8.498751 ], "texture": "#glass_bottle_1" }
			}
		},
		{
			"__comment": "Bottle*",
			"from": [ 6.999, -0.0006, 8.9992 ],
			"to": [ 8.998999, 0.4994, 9.4992 ],
			"faces": {
				"down": { "uv": [ 1.00125, 7.001251, 2.49875, 8.498751 ], "texture": "#glass_bottle_1", "cullface": "down" },
				"south": { "uv": [ 1.00125, 7.001251, 2.49875, 8.498751 ], "texture": "#glass_bottle_1" }
			}
		},
		{
			"__comment": "Element",
			"from": [ 7.2488, 4.0011, 7.2502 ],
			"to": [ 8.7488, 7.5011, 8.7502 ],
			"faces": {
				"north": { "uv": [ 1.00125, 6.501251, 2.49875, 8.998751 ], "texture": "#glass_bottle_1" },
				"south": { "uv": [ 1.00125, 6.501251, 2.49875, 8.998751 ], "texture": "#glass_bottle_1" },
				"west": { "uv": [ 1.00125, 6.501251, 2.49875, 8.998751 ], "texture": "#glass_bottle_1" },
				"east": { "uv": [ 1.00125, 6.501251, 2.49875, 8.998751 ], "texture": "#glass_bottle_1" }
			}
		},
		{
			"__comment": "Box45",
			"from": [ 7, 0.0004, 6.9981 ],
			"to": [ 9, 0.5004, 8.998098 ],
			"faces": {
				"down": { "uv": [ 0, 0, 16, 16 ], "texture": "#glass_bottle_2", "cullface": "down" }
			}
		},
		{
			"__comment": "Box45",
			"from": [ 7.0003, 0.4996, 6.0007 ],
			"to": [ 9.000299, 0.9995999, 10.0007 ],
			"faces": {
				"down": { "uv": [ 0, 0, 16, 16 ], "texture": "#glass_bottle_2" },
				"north": { "uv": [ 0, 0, 16, 16 ], "texture": "#glass_bottle_2" },
				"south": { "uv": [ 0, 0, 16, 16 ], "texture": "#glass_bottle_2" },
				"west": { "uv": [ 0, 0, 16, 16 ], "texture": "#glass_bottle_2" },
				"east": { "uv": [ 0, 0, 16, 16 ], "texture": "#glass_bottle_2" }
			}
		},
		{
			"__comment": "Box45",
			"from": [ 6.0011, 0.4999, 7.0006 ],
			"to": [ 7.0011, 0.9999, 9.0006 ],
			"faces": {
				"down": { "uv": [ 0, 0, 16, 16 ], "texture": "#glass_bottle_2" },
				"north": { "uv": [ 0, 0, 16, 16 ], "texture": "#glass_bottle_2" },
				"south": { "uv": [ 0, 0, 16, 16 ], "texture": "#glass_bottle_2" },
				"west": { "uv": [ 0, 0, 16, 16 ], "texture": "#glass_bottle_2" }
			}
		},
		{
			"__comment": "Box45",
			"from": [ 9.0012, 0.4997, 7.0018 ],
			"to": [ 10.0012, 0.9997, 9.001799 ],
			"faces": {
				"down": { "uv": [ 0, 0, 16, 16 ], "texture": "#glass_bottle_2" },
				"north": { "uv": [ 0, 0, 16, 16 ], "texture": "#glass_bottle_2" },
				"south": { "uv": [ 0, 0, 16, 16 ], "texture": "#glass_bottle_2" },
				"east": { "uv": [ 0, 0, 16, 16 ], "texture": "#glass_bottle_2" }
			}
		},
		{
			"__comment": "Box45",
			"from": [ 6.4984, 1.0001, 6.0009 ],
			"to": [ 9.4984, 3.000099, 10.0009 ],
			"faces": {
				"down": { "uv": [ 0, 0, 16, 16 ], "texture": "#glass_bottle_2" },
				"up": { "uv": [ 0, 0, 16, 16 ], "texture": "#glass_bottle_2" },
				"north": { "uv": [ 0, 0, 16, 16 ], "texture": "#glass_bottle_2" },
				"south": { "uv": [ 0, 0, 16, 16 ], "texture": "#glass_bottle_2" },
				"west": { "uv": [ 0, 0, 16, 16 ], "texture": "#glass_bottle_2" },
				"east": { "uv": [ 0, 0, 16, 16 ], "texture": "#glass_bottle_2" }
			}
		},
		{
			"__comment": "Box45",
			"from": [ 7, 3.0004, 5.999 ],
			"to": [ 8.999999, 3.5004, 9.999 ],
			"faces": {
				"up": { "uv": [ 0, 0, 16, 16 ], "texture": "#glass_bottle_2" },
				"north": { "uv": [ 0, 0, 16, 16 ], "texture": "#glass_bottle_2" },
				"south": { "uv": [ 0, 0, 16, 16 ], "texture": "#glass_bottle_2" },
				"west": { "uv": [ 0, 0, 16, 16 ], "texture": "#glass_bottle_2" },
				"east": { "uv": [ 0, 0, 16, 16 ], "texture": "#glass_bottle_2" }
			}
		},
		{
			"__comment": "Box45",
			"from": [ 6.0001, 2.9988, 7.0007 ],
			"to": [ 7.0001, 3.4988, 9.0007 ],
			"faces": {
				"up": { "uv": [ 0, 0, 16, 16 ], "texture": "#glass_bottle_2" },
				"north": { "uv": [ 0, 0, 16, 16 ], "texture": "#glass_bottle_2" },
				"south": { "uv": [ 0, 0, 16, 16 ], "texture": "#glass_bottle_2" },
				"west": { "uv": [ 0, 0, 16, 16 ], "texture": "#glass_bottle_2" }
			}
		},
		{
			"__comment": "Box45",
			"from": [ 9.000199, 2.9998, 6.9991 ],
			"to": [ 10.0002, 3.4998, 8.999098 ],
			"faces": {
				"up": { "uv": [ 0, 0, 16, 16 ], "texture": "#glass_bottle_2" },
				"north": { "uv": [ 0, 0, 16, 16 ], "texture": "#glass_bottle_2" },
				"south": { "uv": [ 0, 0, 16, 16 ], "texture": "#glass_bottle_2" },
				"east": { "uv": [ 0, 0, 16, 16 ], "texture": "#glass_bottle_2" }
			}
		},
		{
			"__comment": "Box45",
			"from": [ 9.000299, 1.0004, 6.4994 ],
			"to": [ 10.0003, 3.0004, 9.499399 ],
			"faces": {
				"down": { "uv": [ 0, 0, 16, 16 ], "texture": "#glass_bottle_2" },
				"up": { "uv": [ 0, 0, 16, 16 ], "texture": "#glass_bottle_2" },
				"north": { "uv": [ 0, 0, 16, 16 ], "texture": "#glass_bottle_2" },
				"south": { "uv": [ 0, 0, 16, 16 ], "texture": "#glass_bottle_2" },
				"east": { "uv": [ 0, 0, 16, 16 ], "texture": "#glass_bottle_2" }
			}
		},
		{
			"__comment": "Box45",
			"from": [ 6.0001, 0.9997, 6.5002 ],
			"to": [ 7.0001, 2.9997, 9.5002 ],
			"faces": {
				"down": { "uv": [ 0, 0, 16, 16 ], "texture": "#glass_bottle_2" },
				"up": { "uv": [ 0, 0, 16, 16 ], "texture": "#glass_bottle_2" },
				"north": { "uv": [ 0, 0, 16, 16 ], "texture": "#glass_bottle_2" },
				"south": { "uv": [ 0, 0, 16, 16 ], "texture": "#glass_bottle_2" },
				"west": { "uv": [ 0, 0, 16, 16 ], "texture": "#glass_bottle_2" }
			}
		}
	],
	"display": {
		"thirdperson_righthand": {
			"rotation":  [ 75, 45, 0 ],
			"translation":  [ 0, 2.5, 7 ]
		},
		"thirdperson_lefthand": {
			"rotation":  [ 75, 45, 0 ],
			"translation":  [ 0, 2.5, 7 ]
		},
		"firstperson_righthand": {
			"translation":  [ 2, 7, 0 ]
		},
		"firstperson_lefthand": {
			"translation":  [ 2, 7, 0 ]
		},
		"gui": {
			"rotation":  [ 30, 225, 0 ],
			"translation":  [ 0, 6, 0 ],
			"scale":  [ 1.725, 1.725, 1.725 ]
		},
		"ground": {
			"translation":  [ 0, 2, 0 ],
			"scale":  [ 0.5, 0.5, 0.5 ]
		},
		"fixed": {
			"rotation":  [ 0, 45, 0 ]
		}
	}
}