{
	"credit": "mr_ch0c0late",
	"render_type": "minecraft:cutout",
	"ambientocclusion": false,
	"textures": {
		"flowerpot": "block/custom_flower_pot",
		"particle": "#flowerpot"
	},
	"elements": [
		{
			"from": [5, 0, 5],
			"to": [11, 6, 11],
			"faces": {
				"north": {"uv": [0, 10, 6, 16], "texture": "#flowerpot"},
				"east": {"uv": [0, 10, 6, 16], "texture": "#flowerpot"},
				"south": {"uv": [0, 10, 6, 16], "texture": "#flowerpot"},
				"west": {"uv": [0, 10, 6, 16], "texture": "#flowerpot"},
				"up": {"uv": [0, 4, 6, 10], "texture": "#flowerpot"},
				"down": {"uv": [6, 4, 12, 10], "texture": "#flowerpot", "cullface": "down"}
			}
		},
		{
			"from": [6, 5, 6],
			"to": [10, 16, 10],
			"faces": {
				"north": {"uv": [6, 0, 10, 12], "texture": "#thorn_side"},
				"east": {"uv": [6, 0, 10, 12], "texture": "#thorn_side"},
				"south": {"uv": [6, 0, 10, 12], "texture": "#thorn_side"},
				"west": {"uv": [6, 0, 10, 12], "texture": "#thorn_side"},
				"up": {"uv": [6, 6, 10, 10], "texture": "#thorn_top", "cullface": "up"}
			}
		},
		{
			"from": [8.25, 5, 2.5],
			"to": [17.25, 16, 2.5],
			"rotation": {"angle": 45, "axis": "y", "origin": [17, 13, 11]},
			"faces": {
				"north": {"uv": [0, 0, 16, 16], "texture": "#thorn_side"},
				"south": {"uv": [0, 0, 16, 16], "texture": "#thorn_side"}
			}
		},
		{
			"from": [8.5, 5, -3.75],
			"to": [8.5, 16, 5.25],
			"rotation": {"angle": 45, "axis": "y", "origin": [17, 13, 5]},
			"faces": {
				"east": {"uv": [0, 0, 16, 16], "texture": "#thorn_side"},
				"west": {"uv": [0, 0, 16, 16], "texture": "#thorn_side"}
			}
		}
	]
}