{
	"credit": "mr_ch0c0late",
	"ambientocclusion": false,
	"render_type": "minecraft:cutout",
	"textures": {
		"top": "twilightforest:block/mayapple",
		"stem": "twilightforest:block/mayapple_side",
		"dirt": "block/flower_pot_soil",
		"flowerpot": "block/custom_flower_pot",
		"particle": "#flowerpot"
	},
	"elements": [
		{
			"from": [7.5, 2, 7.5],
			"to": [8.5, 8, 8.5],
			"shade": false,
			"rotation": {"angle": 0, "axis": "y", "origin": [23, 10, 15]},
			"faces": {
				"north": {"uv": [8, 10, 9, 16], "texture": "#stem"},
				"east": {"uv": [8, 10, 9, 16], "texture": "#stem"},
				"south": {"uv": [8, 10, 9, 16], "texture": "#stem"},
				"west": {"uv": [8, 10, 9, 16], "texture": "#stem"}
			}
		},
		{
			"from": [4, 8.01, 4],
			"to": [12, 8.01, 12],
			"shade": false,
			"rotation": {"angle": 0, "axis": "y", "origin": [12, 16, 12]},
			"faces": {
				"up": {"uv": [4, 4, 13, 13], "texture": "#top"},
				"down": {"uv": [4, 4, 13, 13], "texture": "#top"}
			}
		},
		{
			"from": [6, 0, 6],
			"to": [10, 5, 10],
			"faces": {
				"up": {"uv": [4, 0, 8, 4], "texture": "#dirt"},
				"down": {"uv": [7, 5, 11, 9], "texture": "#flowerpot", "cullface": "down"}
			}
		},
		{
			"from": [6, 0, 10],
			"to": [10, 6, 11],
			"faces": {
				"north": {"uv": [1, 10, 5, 16], "texture": "#flowerpot"},
				"south": {"uv": [1, 10, 5, 16], "texture": "#flowerpot"},
				"up": {"uv": [1, 9, 5, 10], "texture": "#flowerpot"},
				"down": {"uv": [7, 4, 11, 5], "texture": "#flowerpot", "cullface": "down"}
			}
		},
		{
			"from": [6, 0, 5],
			"to": [10, 6, 6],
			"faces": {
				"north": {"uv": [1, 10, 5, 16], "texture": "#flowerpot"},
				"south": {"uv": [1, 10, 5, 16], "texture": "#flowerpot"},
				"up": {"uv": [1, 4, 5, 5], "texture": "#flowerpot"},
				"down": {"uv": [7, 9, 11, 10], "texture": "#flowerpot", "cullface": "down"}
			}
		},
		{
			"from": [10, 0, 5],
			"to": [11, 6, 11],
			"faces": {
				"north": {"uv": [0, 10, 1, 16], "texture": "#flowerpot"},
				"east": {"uv": [0, 10, 6, 16], "texture": "#flowerpot"},
				"south": {"uv": [5, 10, 6, 16], "texture": "#flowerpot"},
				"west": {"uv": [0, 10, 6, 16], "texture": "#flowerpot"},
				"up": {"uv": [5, 4, 6, 10], "texture": "#flowerpot"},
				"down": {"uv": [11, 4, 12, 10], "texture": "#flowerpot", "cullface": "down"}
			}
		},
		{
			"from": [5, 0, 5],
			"to": [6, 6, 11],
			"faces": {
				"north": {"uv": [5, 10, 6, 16], "texture": "#flowerpot"},
				"east": {"uv": [0, 10, 6, 16], "texture": "#flowerpot"},
				"south": {"uv": [0, 10, 1, 16], "texture": "#flowerpot"},
				"west": {"uv": [0, 10, 6, 16], "texture": "#flowerpot"},
				"up": {"uv": [0, 4, 1, 10], "texture": "#flowerpot"},
				"down": {"uv": [6, 4, 7, 10], "texture": "#flowerpot", "cullface": "down"}
			}
		}
	]
}