{
	"credit": "mr_ch0c0late",
	"ambientocclusion": false,
	"textures": {
		"plant": "block/mangrove_propagule",
		"particle": "#flowerpot",
		"flowerpot": "block/custom_flower_pot",
		"dirt": "block/mud"
	},
	"elements": [
		{
			"name": "leaves",
			"from": [4.5, 9, 8],
			"to": [11.5, 15, 8],
			"shade": false,
			"rotation": {"angle": -45, "axis": "y", "origin": [8, 0, 8], "rescale": true},
			"faces": {
				"north": {"uv": [4, 1, 11, 7], "texture": "#plant"},
				"south": {"uv": [4, 1, 11, 7], "texture": "#plant"}
			}
		},
		{
			"name": "leaves",
			"from": [8, 9, 4.5],
			"to": [8, 15, 11.5],
			"shade": false,
			"rotation": {"angle": -45, "axis": "y", "origin": [8, 0, 8], "rescale": true},
			"faces": {
				"east": {"uv": [4, 1, 11, 7], "texture": "#plant"},
				"west": {"uv": [4, 1, 11, 7], "texture": "#plant"}
			}
		},
		{
			"name": "hypocotyl",
			"from": [7, 4, 8],
			"to": [9, 9, 8],
			"shade": false,
			"rotation": {"angle": -45, "axis": "y", "origin": [8, 0, 8], "rescale": true},
			"faces": {
				"north": {"uv": [7, 7, 9, 12], "texture": "#plant"},
				"south": {"uv": [7, 7, 9, 12], "texture": "#plant"}
			}
		},
		{
			"name": "hypocotyl",
			"from": [7, 4, 8],
			"to": [9, 9, 8],
			"shade": false,
			"rotation": {"angle": 45, "axis": "y", "origin": [8, 0, 8], "rescale": true},
			"faces": {
				"north": {"uv": [7, 7, 9, 12], "texture": "#plant"},
				"south": {"uv": [7, 7, 9, 12], "texture": "#plant"}
			}
		},
		{
			"from": [5, 0, 5],
			"to": [11, 6, 11],
			"faces": {
				"north": {"uv": [0, 10, 6, 16], "texture": "#flowerpot"},
				"east": {"uv": [0, 10, 6, 16], "texture": "#flowerpot"},
				"south": {"uv": [0, 10, 6, 16], "texture": "#flowerpot"},
				"west": {"uv": [0, 10, 6, 16], "texture": "#flowerpot"},
				"up": {"uv": [0, 4, 6, 10], "texture": "#flowerpot"},
				"down": {"uv": [6, 4, 12, 10], "texture": "#flowerpot", "cullface": "down"}
			}
		},
		{
			"from": [10.01, 6, 10.01],
			"to": [5.99, 3.98, 5.99],
			"faces": {
				"north": {"uv": [5, 12, 1, 10], "texture": "#flowerpot"},
				"east": {"uv": [5, 12, 1, 10], "texture": "#flowerpot"},
				"south": {"uv": [5, 12, 1, 10], "texture": "#flowerpot"},
				"west": {"uv": [5, 12, 1, 10], "texture": "#flowerpot"},
				"up": {"uv": [6, 6, 10, 10], "texture": "#dirt"}
			}
		}
	]
}