{
	"credit": "mr_ch0c0late",
	"ambientocclusion": false,
	"textures": {
		"particle": "#flowerpot",
		"flowerpot": "block/custom_flower_pot",
		"dirt": "block/moss_block",
		"azalea_plant": "block/potted_azalea_bush_plant"
	},
	"elements": [
		{
			"from": [2.6, 4, 8],
			"to": [13.4, 16, 8],
			"shade": false,
			"rotation": {"angle": 45, "axis": "y", "origin": [8, 8, 8], "rescale": true},
			"faces": {
				"north": {"uv": [0, 4, 16, 16], "texture": "#azalea_plant"},
				"south": {"uv": [0, 4, 16, 16], "texture": "#azalea_plant"}
			}
		},
		{
			"from": [8, 4, 2.6],
			"to": [8, 16, 13.4],
			"shade": false,
			"rotation": {"angle": 45, "axis": "y", "origin": [8, 8, 8], "rescale": true},
			"faces": {
				"east": {"uv": [0, 4, 16, 16], "texture": "#azalea_plant"},
				"west": {"uv": [0, 4, 16, 16], "texture": "#azalea_plant"}
			}
		},
		{
			"from": [4, 8, 4],
			"to": [12, 16, 12],
			"faces": {
				"north": {"uv": [4, 5, 12, 13], "texture": "#side"},
				"east": {"uv": [4, 5, 12, 13], "texture": "#side"},
				"south": {"uv": [4, 5, 12, 13], "texture": "#side"},
				"west": {"uv": [4, 5, 12, 13], "texture": "#side"},
				"up": {"uv": [4, 4, 12, 12], "texture": "#top", "cullface": "up"}
			}
		},
		{
			"from": [4, 16, 4],
			"to": [12, 8, 12],
			"faces": {
				"north": {"uv": [4, 13, 12, 5], "texture": "#side"},
				"east": {"uv": [4, 13, 12, 5], "texture": "#side"},
				"south": {"uv": [4, 13, 12, 5], "texture": "#side"},
				"west": {"uv": [4, 13, 12, 5], "texture": "#side"},
				"down": {"uv": [4, 4, 12, 12], "texture": "#top", "cullface": "up"}
			}
		},
		{
			"from": [5, 0, 5],
			"to": [11, 6, 11],
			"faces": {
				"north": {"uv": [0, 10, 6, 16], "texture": "#flowerpot"},
				"east": {"uv": [0, 10, 6, 16], "texture": "#flowerpot"},
				"south": {"uv": [0, 10, 6, 16], "texture": "#flowerpot"},
				"west": {"uv": [0, 10, 6, 16], "texture": "#flowerpot"},
				"up": {"uv": [0, 4, 6, 10], "texture": "#flowerpot"},
				"down": {"uv": [6, 4, 12, 10], "texture": "#flowerpot", "cullface": "down"}
			}
		},
		{
			"from": [10.01, 6, 10.01],
			"to": [5.99, 3.98, 5.99],
			"faces": {
				"north": {"uv": [5, 12, 1, 10], "texture": "#flowerpot"},
				"east": {"uv": [5, 12, 1, 10], "texture": "#flowerpot"},
				"south": {"uv": [5, 12, 1, 10], "texture": "#flowerpot"},
				"west": {"uv": [5, 12, 1, 10], "texture": "#flowerpot"},
				"up": {"uv": [6, 6, 10, 10], "texture": "#dirt"}
			}
		}
	]
}