{
	"format_version": "1.12.0",
	"minecraft:geometry": [
		{
			"description": {
				"identifier": "geometry.unknown",
				"texture_width": 64,
				"texture_height": 64,
				"visible_bounds_width": 3,
				"visible_bounds_height": 2.5,
				"visible_bounds_offset": [0, 0.75, 0]
			},
			"bones": [
				{
					"name": "Root",
					"pivot": [0, 0, 0]
				},
				{
					"name": "Pot_Root",
					"parent": "Root",
					"pivot": [0, 0, 0],
					"cubes": [
						{"origin": [-3, 0, -3], "size": [6, 4, 6], "uv": [0, 54]},
						{"origin": [-3, 4, 2], "size": [6, 2, 1], "uv": [0, 50]},
						{"origin": [-3, 4, -3], "size": [6, 2, 1], "uv": [31, 59]},
						{"origin": [-3, 4, -2], "size": [1, 2, 4], "uv": [19, 53]},
						{"origin": [2, 4, -2], "size": [1, 2, 4], "uv": [19, 47]}
					]
				},
				{
					"name": "Flytrap_Root",
					"parent": "Root",
					"pivot": [0, 6, 0],
					"cubes": [
						{"origin": [-0.5, 4, -0.5], "size": [1, 3, 1], "uv": [56, 16]}
					]
				},
				{
					"name": "bone32",
					"parent": "Flytrap_Root",
					"pivot": [0, 6, 0],
					"rotation": [0, 25, 0]
				},
				{
					"name": "bone34",
					"parent": "bone32",
					"pivot": [0, 6, 0],
					"rotation": [-30, 0, 0],
					"cubes": [
						{"origin": [-0.5, 6, -1], "size": [1, 0, 1], "uv": [17, 34]}
					]
				},
				{
					"name": "bone35",
					"parent": "bone34",
					"pivot": [0, 6, -1],
					"rotation": [5, 0, 0],
					"cubes": [
						{"origin": [-1, 6, -2], "size": [2, 0, 1], "uv": [32, 13]}
					]
				},
				{
					"name": "bone36",
					"parent": "bone35",
					"pivot": [0, 6, -2],
					"rotation": [10, 0, 0]
				},
				{
					"name": "bone37",
					"parent": "bone36",
					"pivot": [0, 6, -3],
					"rotation": [0, 0, 20],
					"cubes": [
						{"origin": [-2, 5, -4], "size": [2, 1, 2], "uv": [7, 32]},
						{"origin": [-2, 6, -3.5], "size": [0, 1, 1], "pivot": [-2, 6, -3], "rotation": [0, 0, -10], "uv": [0, 16]},
						{"origin": [-2, 6, -2], "size": [1, 1, 0], "pivot": [-1, 6, -2], "rotation": [-10, 0, 0], "uv": [40, 19]},
						{"origin": [-2, 6, -4], "size": [1, 1, 0], "pivot": [-1, 6, -4], "rotation": [10, 0, 0], "uv": [40, 10]}
					]
				},
				{
					"name": "bone38",
					"parent": "bone36",
					"pivot": [0, 6, -3],
					"rotation": [0, 0, -20],
					"cubes": [
						{"origin": [0, 5, -4], "size": [2, 1, 2], "uv": [32, 6]},
						{"origin": [2, 6, -3.5], "size": [0, 1, 1], "pivot": [2, 6, -3], "rotation": [0, 0, 10], "uv": [12, 0]},
						{"origin": [1, 6, -4], "size": [1, 1, 0], "pivot": [1, 6, -4], "rotation": [10, 0, 0], "uv": [39, 39]},
						{"origin": [1, 6, -2], "size": [1, 1, 0], "pivot": [1, 6, -2], "rotation": [-10, 0, 0], "uv": [36, 39]}
					]
				},
				{
					"name": "bone39",
					"parent": "Flytrap_Root",
					"pivot": [0, 6, 0],
					"rotation": [0, 145, 0]
				},
				{
					"name": "bone41",
					"parent": "bone39",
					"pivot": [0, 6, 0],
					"rotation": [-30, 0, 0],
					"cubes": [
						{"origin": [-0.5, 6, -1], "size": [1, 0, 1], "uv": [23, 30]}
					]
				},
				{
					"name": "bone42",
					"parent": "bone41",
					"pivot": [0, 6, -1],
					"rotation": [5, 0, 0],
					"cubes": [
						{"origin": [-1, 6, -2], "size": [2, 0, 1], "uv": [31, 26]}
					]
				},
				{
					"name": "bone43",
					"parent": "bone42",
					"pivot": [0, 6, -2],
					"rotation": [10, 0, 0]
				},
				{
					"name": "bone44",
					"parent": "bone43",
					"pivot": [0, 6, -3],
					"rotation": [0, 0, 20],
					"cubes": [
						{"origin": [-2, 5, -4], "size": [2, 1, 2], "uv": [16, 30]},
						{"origin": [-2, 6, -3.5], "size": [0, 1, 1], "pivot": [-2, 6, -3], "rotation": [0, 0, -10], "uv": [0, 12]},
						{"origin": [-2, 6, -2], "size": [1, 1, 0], "pivot": [-1, 6, -2], "rotation": [-10, 0, 0], "uv": [0, 39]},
						{"origin": [-2, 6, -4], "size": [1, 1, 0], "pivot": [-1, 6, -4], "rotation": [10, 0, 0], "uv": [4, 34]}
					]
				},
				{
					"name": "bone45",
					"parent": "bone43",
					"pivot": [0, 6, -3],
					"rotation": [0, 0, -20],
					"cubes": [
						{"origin": [0, 5, -4], "size": [2, 1, 2], "uv": [0, 30]},
						{"origin": [2, 6, -3.5], "size": [0, 1, 1], "pivot": [2, 6, -3], "rotation": [0, 0, 10], "uv": [0, 8]},
						{"origin": [1, 6, -4], "size": [1, 1, 0], "pivot": [1, 6, -4], "rotation": [10, 0, 0], "uv": [0, 34]},
						{"origin": [1, 6, -2], "size": [1, 1, 0], "pivot": [1, 6, -2], "rotation": [-10, 0, 0], "uv": [33, 0]}
					]
				},
				{
					"name": "bone46",
					"parent": "Flytrap_Root",
					"pivot": [0, 6, 0],
					"rotation": [0, -95, 0]
				},
				{
					"name": "bone48",
					"parent": "bone46",
					"pivot": [0, 6, 0],
					"rotation": [-30, 0, 0],
					"cubes": [
						{"origin": [-0.5, 6, -1], "size": [1, 0, 1], "uv": [10, 16]}
					]
				},
				{
					"name": "bone49",
					"parent": "bone48",
					"pivot": [0, 6, -1],
					"rotation": [5, 0, 0],
					"cubes": [
						{"origin": [-1, 6, -2], "size": [2, 0, 1], "uv": [30, 23]}
					]
				},
				{
					"name": "bone50",
					"parent": "bone49",
					"pivot": [0, 6, -2],
					"rotation": [10, 0, 0]
				},
				{
					"name": "bone51",
					"parent": "bone50",
					"pivot": [0, 6, -3],
					"rotation": [0, 0, 20],
					"cubes": [
						{"origin": [-2, 5, -4], "size": [2, 1, 2], "uv": [29, 28]},
						{"origin": [-2, 6, -3.5], "size": [0, 1, 1], "pivot": [-2, 6, -3], "rotation": [0, 0, -10], "uv": [0, 4]},
						{"origin": [-2, 6, -2], "size": [1, 1, 0], "pivot": [-1, 6, -2], "rotation": [-10, 0, 0], "uv": [16, 28]},
						{"origin": [-2, 6, -4], "size": [1, 1, 0], "pivot": [-1, 6, -4], "rotation": [10, 0, 0], "uv": [22, 5]}
					]
				},
				{
					"name": "bone52",
					"parent": "bone50",
					"pivot": [0, 6, -3],
					"rotation": [0, 0, -20],
					"cubes": [
						{"origin": [0, 5, -4], "size": [2, 1, 2], "uv": [9, 28]},
						{"origin": [2, 6, -3.5], "size": [0, 1, 1], "pivot": [2, 6, -3], "rotation": [0, 0, 10], "uv": [0, 0]},
						{"origin": [1, 6, -4], "size": [1, 1, 0], "pivot": [1, 6, -4], "rotation": [10, 0, 0], "uv": [0, 22]},
						{"origin": [1, 6, -2], "size": [1, 1, 0], "pivot": [1, 6, -2], "rotation": [-10, 0, 0], "uv": [12, 5]}
					]
				}
			]
		}
	]
}