{
	"format_version": "1.12.0",
	"minecraft:geometry": [
		{
			"description": {
				"identifier": "geometry.unknown",
				"texture_width": 64,
				"texture_height": 64,
				"visible_bounds_width": 3,
				"visible_bounds_height": 2.5,
				"visible_bounds_offset": [0, 0.75, 0]
			},
			"bones": [
				{
					"name": "Root",
					"pivot": [0, 0, 0]
				},
				{
					"name": "Flower_Root",
					"parent": "Root",
					"pivot": [0, 5, 0],
					"cubes": [
						{"origin": [-1.5, 4, -1.5], "size": [3, 2, 3], "uv": [51, 50]},
						{"origin": [1.5, 6, -1.5], "size": [0, 2, 3], "uv": [58, 41]},
						{"origin": [-1.5, 6, -1.5], "size": [3, 2, 0], "uv": [49, 56]},
						{"origin": [-1.5, 6, 1.5], "size": [3, 2, 0], "uv": [52, 47]},
						{"origin": [-1.5, 6, -1.5], "size": [0, 2, 3], "uv": [45, 44]},
						{"origin": [-1.5, 8, -1.5], "size": [3, 0, 3], "uv": [53, 55]}
					]
				},
				{
					"name": "Petals_Root",
					"parent": "Flower_Root",
					"pivot": [0, 5, 0]
				},
				{
					"name": "bone14",
					"parent": "Petals_Root",
					"pivot": [0, 7, 0],
					"rotation": [0, -72, 0]
				},
				{
					"name": "bone15",
					"parent": "bone14",
					"pivot": [0, 7, 2],
					"rotation": [10, 0, 0],
					"cubes": [
						{"origin": [-2.5, 7, 1], "size": [5, 0, 3], "uv": [44, 43]}
					]
				},
				{
					"name": "bone16",
					"parent": "bone15",
					"pivot": [0, 7, 4],
					"rotation": [-15, 0, 0],
					"cubes": [
						{"origin": [-2.5, 7, 4], "size": [5, 0, 2], "uv": [50, 37]}
					]
				},
				{
					"name": "bone11",
					"parent": "Petals_Root",
					"pivot": [0, 7, 0],
					"rotation": [0, -144, 0]
				},
				{
					"name": "bone12",
					"parent": "bone11",
					"pivot": [0, 7, 2],
					"rotation": [10, 0, 0],
					"cubes": [
						{"origin": [-2.5, 7, 1], "size": [5, 0, 3], "uv": [44, 43]}
					]
				},
				{
					"name": "bone13",
					"parent": "bone12",
					"pivot": [0, 7, 4],
					"rotation": [-15, 0, 0],
					"cubes": [
						{"origin": [-2.5, 7, 4], "size": [5, 0, 2], "uv": [50, 37]}
					]
				},
				{
					"name": "bone8",
					"parent": "Petals_Root",
					"pivot": [0, 7, 0],
					"rotation": [0, 144, 0]
				},
				{
					"name": "bone9",
					"parent": "bone8",
					"pivot": [0, 7, 2],
					"rotation": [10, 0, 0],
					"cubes": [
						{"origin": [-2.5, 7, 1], "size": [5, 0, 3], "uv": [44, 43]}
					]
				},
				{
					"name": "bone10",
					"parent": "bone9",
					"pivot": [0, 7, 4],
					"rotation": [-15, 0, 0],
					"cubes": [
						{"origin": [-2.5, 7, 4], "size": [5, 0, 2], "uv": [50, 37]}
					]
				},
				{
					"name": "bone5",
					"parent": "Petals_Root",
					"pivot": [0, 7, 0],
					"rotation": [0, 72, 0]
				},
				{
					"name": "bone6",
					"parent": "bone5",
					"pivot": [0.5, 7, 2],
					"rotation": [10, 0, 0],
					"cubes": [
						{"origin": [-2.5, 7, 1], "size": [5, 0, 3], "uv": [44, 43]}
					]
				},
				{
					"name": "bone7",
					"parent": "bone6",
					"pivot": [0, 7, 4],
					"rotation": [-15, 0, 0],
					"cubes": [
						{"origin": [-2.5, 7, 4], "size": [5, 0, 2], "uv": [50, 37]}
					]
				},
				{
					"name": "bone2",
					"parent": "Petals_Root",
					"pivot": [0, 7, 0]
				},
				{
					"name": "bone3",
					"parent": "bone2",
					"pivot": [0, 7, 2],
					"rotation": [10, 0, 0],
					"cubes": [
						{"origin": [-2.5, 7, 1], "size": [5, 0, 3], "uv": [44, 43]}
					]
				},
				{
					"name": "bone4",
					"parent": "bone3",
					"pivot": [0, 7, 4],
					"rotation": [-15, 0, 0],
					"cubes": [
						{"origin": [-2.5, 7, 4], "size": [5, 0, 2], "uv": [50, 37]}
					]
				},
				{
					"name": "Pot_Root",
					"parent": "Root",
					"pivot": [0, 0, 0],
					"cubes": [
						{"origin": [-3, 0, -3], "size": [6, 4, 6], "uv": [19, 54]},
						{"origin": [-3, 4, 2], "size": [6, 2, 1], "uv": [19, 50]},
						{"origin": [-3, 4, -3], "size": [6, 2, 1], "uv": [50, 59]},
						{"origin": [-3, 4, -2], "size": [1, 2, 4], "uv": [38, 53]},
						{"origin": [2, 4, -2], "size": [1, 2, 4], "uv": [38, 47]}
					]
				}
			]
		}
	]
}