{
	"credit": "mr_ch0c0late",
	"ambientocclusion": false,
	"render_type": "minecraft:cutout",
	"textures": {
	"flowerpot": "block/custom_flower_pot",
	"plant": "biomemakeover:block/potted_saguaro_cactus",
    "particle": "#flowerpot"
	},
	"elements": [
		{
			"from": [5, 0, 5],
			"to": [11, 6, 11],
			"faces": {
				"north": {"uv": [0, 10, 6, 16], "texture": "#flowerpot"},
				"east": {"uv": [0, 10, 6, 16], "texture": "#flowerpot"},
				"south": {"uv": [0, 10, 6, 16], "texture": "#flowerpot"},
				"west": {"uv": [0, 10, 6, 16], "texture": "#flowerpot"},
				"up": {"uv": [0, 4, 6, 10], "texture": "#flowerpot"},
				"down": {"uv": [6, 4, 12, 10], "texture": "#flowerpot", "cullface": "down"}
			}
		},
		{
			"from": [6, 5, 6],
			"to": [10, 16, 10],
			"faces": {
				"north": {"uv": [0, 0, 4, 11], "texture": "#plant"},
				"east": {"uv": [0, 0, 4, 11], "texture": "#plant"},
				"south": {"uv": [0, 0, 4, 11], "texture": "#plant"},
				"west": {"uv": [0, 0, 4, 11], "texture": "#plant"},
				"up": {"uv": [4, 0, 8, 4], "texture": "#plant", "cullface": "up"}
			}
		},
		{
			"from": [5, 8, 6],
			"to": [6, 12, 10],
			"rotation": {"angle": 0, "axis": "y", "origin": [13, 16, 14]},
			"faces": {
				"north": {"uv": [0, 2, 1, 6], "texture": "#plant"},
				"south": {"uv": [0, 4, 1, 8], "texture": "#plant"},
				"up": {"uv": [3, 0, 4, 4], "texture": "#plant"},
				"down": {"uv": [0, 8, 1, 12], "texture": "#plant"}
			}
		},
		{
			"from": [2, 8, 6],
			"to": [5, 14, 10],
			"rotation": {"angle": 0, "axis": "y", "origin": [10, 16, 14]},
			"faces": {
				"north": {"uv": [0, 0, 3, 6], "texture": "#plant"},
				"east": {"uv": [0, 5, 4, 11], "texture": "#plant"},
				"south": {"uv": [0, 2, 3, 8], "texture": "#plant"},
				"west": {"uv": [0, 4, 4, 10], "texture": "#plant"},
				"up": {"uv": [0, 2, 3, 6], "texture": "#plant"},
				"down": {"uv": [0, 4, 3, 8], "texture": "#plant"}
			}
		}
	],
	"groups": [
		{
			"name": "potted_saguaro_cactus",
			"origin": [8, 8, 8],
			"color": 0,
			"children": [0, 1, 2, 3]
		}
	]
}