{
  "variants":
  {
    "persistent=false":
      [
      {"model": "minecraft:block/normal_jungle_leaves","weight":90},
      {"model": "minecraft:block/flowering_jungle_leaves_1","weight":2},
      {"model": "minecraft:block/flowering_jungle_leaves_2_1","weight":3},
      {"model": "minecraft:block/flowering_jungle_leaves_2_2","weight":3},
      {"model": "minecraft:block/flowering_jungle_leaves_3","weight":2}
      ],
    "persistent=true":
      [
      {"model": "minecraft:block/normal_jungle_leaves","weight":40},
      {"model": "minecraft:block/flowering_jungle_leaves_1","weight":2},
      {"model": "minecraft:block/flowering_jungle_leaves_2_1","weight":3},
      {"model": "minecraft:block/flowering_jungle_leaves_2_2","weight":3},
      {"model": "minecraft:block/flowering_jungle_leaves_3","weight":2}
      ]
  }
}