{
	"credit": "mr_ch0c0late",
	"ambientocclusion": false,
	"render_type": "cutout",
	"textures": {
		"particle": "#flowerpot",
		"flowerpot": "block/custom_flower_pot",
		"plant": "habitat:block/potted_rafflesia"
	},
	"elements": [
		{
			"from": [6, 5, 6],
			"to": [10, 7, 10],
			"faces": {
				"north": {"uv": [6, 14, 10, 16], "texture": "#plant"},
				"east": {"uv": [6, 14, 10, 16], "texture": "#plant"},
				"south": {"uv": [6, 14, 10, 16], "texture": "#plant"},
				"west": {"uv": [6, 14, 10, 16], "texture": "#plant"},
				"up": {"uv": [6, 10, 10, 14], "texture": "#plant"}
			}
		},
		{
			"from": [4, 6, 5],
			"to": [6, 6, 11],
			"rotation": {"angle": -22.5, "axis": "z", "origin": [6, 6, 8]},
			"faces": {
				"up": {"uv": [5, 8, 11, 10], "rotation": 270, "texture": "#plant"},
				"down": {"uv": [5, 8, 11, 10], "rotation": 270, "texture": "#plant"}
			}
		},
		{
			"from": [10, 6, 5],
			"to": [12, 6, 11],
			"rotation": {"angle": 22.5, "axis": "z", "origin": [10, 6, 8]},
			"faces": {
				"up": {"uv": [5, 8, 11, 10], "rotation": 90, "texture": "#plant"},
				"down": {"uv": [5, 8, 11, 10], "rotation": 90, "texture": "#plant"}
			}
		},
		{
			"from": [5, 6, 4],
			"to": [11, 6, 6],
			"rotation": {"angle": 22.5, "axis": "x", "origin": [8, 6, 6]},
			"faces": {
				"up": {"uv": [5, 8, 11, 10], "texture": "#plant"},
				"down": {"uv": [5, 8, 11, 10], "rotation": 180, "texture": "#plant"}
			}
		},
		{
			"from": [5, 6, 10],
			"to": [11, 6, 12],
			"rotation": {"angle": -22.5, "axis": "x", "origin": [8, 6, 10]},
			"faces": {
				"up": {"uv": [5, 8, 11, 10], "rotation": 180, "texture": "#plant"},
				"down": {"uv": [5, 8, 11, 10], "texture": "#plant"}
			}
		},
		{
			"from": [5, 0, 5],
			"to": [11, 6, 11],
			"faces": {
				"north": {"uv": [0, 10, 6, 16], "texture": "#flowerpot"},
				"east": {"uv": [0, 10, 6, 16], "texture": "#flowerpot"},
				"south": {"uv": [0, 10, 6, 16], "texture": "#flowerpot"},
				"west": {"uv": [0, 10, 6, 16], "texture": "#flowerpot"},
				"up": {"uv": [0, 4, 6, 10], "texture": "#flowerpot"},
				"down": {"uv": [6, 4, 12, 10], "texture": "#flowerpot", "cullface": "down"}
			}
		}
	]
}