{
	"credit": "mr_ch0c0late",
	"ambientocclusion": false,
	"render_type": "cutout",
	"textures": {
		"cactus": "habitat:block/growing_ball_cactus",
		"flowerpot": "block/custom_flower_pot",
		"particle": "#flowerpot"
	},
	"elements": [
		{
			"from": [6, 5, 6],
			"to": [10, 9, 10],
			"rotation": {"angle": 0, "axis": "y", "origin": [8, 9, 8]},
			"faces": {
				"north": {"uv": [0, 7, 4, 11], "texture": "#cactus"},
				"east": {"uv": [0, 7, 4, 11], "texture": "#cactus"},
				"south": {"uv": [0, 7, 4, 11], "texture": "#cactus"},
				"west": {"uv": [0, 7, 4, 11], "texture": "#cactus"},
				"up": {"uv": [0, 10, 4, 14], "texture": "#cactus"}
			}
		},
		{
			"from": [7.5, 9.1, 7.5],
			"to": [8.5, 9.1, 8.5],
			"shade": false,
			"faces": {
				"up": {"uv": [8, 16, 6, 14], "texture": "#flower"},
				"down": {"uv": [10, 14, 8, 16], "texture": "#flower", "cullface": "down"}
			}
		},
		{
			"from": [6.5, 9, 5.6],
			"to": [9.5, 9, 7.6],
			"shade": false,
			"rotation": {"angle": 45, "axis": "x", "origin": [8, 9, 7.6], "rescale": true},
			"faces": {
				"up": {"uv": [8, 14, 4, 11], "rotation": 180, "texture": "#flower"},
				"down": {"uv": [8, 11, 12, 14], "rotation": 180, "texture": "#flower"}
			}
		},
		{
			"from": [8.4, 9, 6.5],
			"to": [10.4, 9, 9.5],
			"shade": false,
			"rotation": {"angle": 45, "axis": "z", "origin": [8.4, 9, 8], "rescale": true},
			"faces": {
				"up": {"uv": [8, 14, 4, 11], "rotation": 270, "texture": "#flower"},
				"down": {"uv": [12, 11, 8, 14], "rotation": 90, "texture": "#flower"}
			}
		},
		{
			"from": [5.6, 9, 6.5],
			"to": [7.6, 9, 9.5],
			"shade": false,
			"rotation": {"angle": -45, "axis": "z", "origin": [7.6, 9, 8], "rescale": true},
			"faces": {
				"up": {"uv": [8, 14, 4, 11], "rotation": 90, "texture": "#flower"},
				"down": {"uv": [12, 11, 8, 14], "rotation": 270, "texture": "#flower"}
			}
		},
		{
			"from": [6.5, 9, 8.4],
			"to": [9.5, 9, 10.4],
			"shade": false,
			"rotation": {"angle": -45, "axis": "x", "origin": [8, 9, 8.4], "rescale": true},
			"faces": {
				"up": {"uv": [8, 14, 4, 11], "texture": "#flower"},
				"down": {"uv": [8, 14, 12, 11], "rotation": 180, "texture": "#flower"}
			}
		},
		{
			"from": [5, 0, 5],
			"to": [11, 6, 11],
			"faces": {
				"north": {"uv": [0, 10, 6, 16], "texture": "#flowerpot"},
				"east": {"uv": [0, 10, 6, 16], "texture": "#flowerpot"},
				"south": {"uv": [0, 10, 6, 16], "texture": "#flowerpot"},
				"west": {"uv": [0, 10, 6, 16], "texture": "#flowerpot"},
				"up": {"uv": [0, 4, 6, 10], "texture": "#flowerpot"},
				"down": {"uv": [6, 4, 12, 10], "texture": "#flowerpot", "cullface": "down"}
			}
		}
	]
}