{
	"credit": "mr_ch0c0late",
	"ambientocclusion": false,
	"textures": {
		"particle": "#flowerpot",
		"flowerpot": "block/custom_flower_pot"
	},
	"elements": [
		{
			"from": [2, 3, 8],
			"to": [14, 15, 8],
			"shade": false,
			"rotation": {"angle": -45, "axis": "y", "origin": [8, 8, 8]},
			"faces": {
				"north": {"uv": [2, 4, 14, 16], "texture": "#plant"},
				"south": {"uv": [2, 4, 14, 16], "texture": "#plant"}
			}
		},
		{
			"from": [8, 3, 2],
			"to": [8, 15, 14],
			"shade": false,
			"rotation": {"angle": -45, "axis": "y", "origin": [8, 8, 8]},
			"faces": {
				"east": {"uv": [2, 4, 14, 16], "texture": "#plant"},
				"west": {"uv": [2, 4, 14, 16], "texture": "#plant"}
			}
		},
		{
			"from": [5, 0, 5],
			"to": [11, 6, 11],
			"faces": {
				"north": {"uv": [0, 10, 6, 16], "texture": "#flowerpot"},
				"east": {"uv": [0, 10, 6, 16], "texture": "#flowerpot"},
				"south": {"uv": [0, 10, 6, 16], "texture": "#flowerpot"},
				"west": {"uv": [0, 10, 6, 16], "texture": "#flowerpot"},
				"up": {"uv": [0, 4, 6, 10], "texture": "#flowerpot"},
				"down": {"uv": [6, 4, 12, 10], "texture": "#flowerpot", "cullface": "down"}
			}
		},
		{
			"from": [10.01, 6, 10.01],
			"to": [5.99, 3.98, 5.99],
			"faces": {
				"north": {"uv": [5, 12, 1, 10], "texture": "#flowerpot"},
				"east": {"uv": [5, 12, 1, 10], "texture": "#flowerpot"},
				"south": {"uv": [5, 12, 1, 10], "texture": "#flowerpot"},
				"west": {"uv": [5, 12, 1, 10], "texture": "#flowerpot"},
				"up": {"uv": [6, 6, 10, 10], "texture": "#dirt"}
			}
		}
	]
}