{
	"credit": "mr_ch0c0late",
	"ambientocclusion": false,
	"textures": {
		"plant": "quark:block/potted/pumpkin",
		"flowerpot": "block/custom_flower_pot",
		"particle": "#flowerpot"
	},
	"elements": [
		{
			"from": [5.5, 4, 5.5],
			"to": [10.5, 9, 10.5],
			"faces": {
				"north": {"uv": [11, 11, 16, 16], "texture": "#plant"},
				"east": {"uv": [11, 11, 16, 16], "texture": "#plant"},
				"south": {"uv": [11, 11, 16, 16], "texture": "#plant"},
				"west": {"uv": [11, 11, 16, 16], "texture": "#plant"},
				"up": {"uv": [11, 6, 16, 11], "texture": "#plant"}
			}
		},
		{
			"from": [5, 0, 5],
			"to": [11, 6, 11],
			"faces": {
				"north": {"uv": [0, 10, 6, 16], "texture": "#flowerpot"},
				"east": {"uv": [0, 10, 6, 16], "texture": "#flowerpot"},
				"south": {"uv": [0, 10, 6, 16], "texture": "#flowerpot"},
				"west": {"uv": [0, 10, 6, 16], "texture": "#flowerpot"},
				"up": {"uv": [0, 4, 6, 10], "texture": "#flowerpot"},
				"down": {"uv": [6, 4, 12, 10], "texture": "#flowerpot", "cullface": "down"}
			}
		}
	]
}