{
	"credit": "mr_ch0c0late",
	"ambientocclusion": false,
	"textures": {
		"plant": "quark:block/potted/sunflower",
		"particle": "#flowerpot",
		"flowerpot": "block/custom_flower_pot",
		"dirt": "block/flower_pot_soil"
	},
	"elements": [
		{
			"from": [8, 4, 4],
			"to": [8, 12, 12],
			"shade": false,
			"rotation": {"angle": 45, "axis": "y", "origin": [8, 8, 8]},
			"faces": {
				"east": {"uv": [4, 8, 12, 16], "texture": "#plant"},
				"west": {"uv": [4, 8, 12, 16], "texture": "#plant"}
			}
		},
		{
			"from": [8, 4, 4],
			"to": [8, 12, 12],
			"shade": false,
			"rotation": {"angle": -45, "axis": "y", "origin": [8, 8, 8]},
			"faces": {
				"east": {"uv": [4, 8, 12, 16], "texture": "#plant"},
				"west": {"uv": [4, 8, 12, 16], "texture": "#plant"}
			}
		},
		{
			"from": [8.75, 10, 6],
			"to": [8.75, 14, 10],
			"shade": false,
			"rotation": {"angle": 45, "axis": "z", "origin": [8.5, 12, 8]},
			"faces": {
				"east": {"uv": [12, 8, 16, 12], "texture": "#plant"},
				"west": {"uv": [12, 12, 16, 16], "texture": "#plant"}
			}
		},
		{
			"from": [5, 0, 5],
			"to": [11, 6, 11],
			"faces": {
				"north": {"uv": [0, 10, 6, 16], "texture": "#flowerpot"},
				"east": {"uv": [0, 10, 6, 16], "texture": "#flowerpot"},
				"south": {"uv": [0, 10, 6, 16], "texture": "#flowerpot"},
				"west": {"uv": [0, 10, 6, 16], "texture": "#flowerpot"},
				"up": {"uv": [0, 4, 6, 10], "texture": "#flowerpot"},
				"down": {"uv": [6, 4, 12, 10], "texture": "#flowerpot", "cullface": "down"}
			}
		},
		{
			"from": [10.01, 6, 10.01],
			"to": [5.99, 3.98, 5.99],
			"faces": {
				"north": {"uv": [5, 12, 1, 10], "texture": "#flowerpot"},
				"east": {"uv": [5, 12, 1, 10], "texture": "#flowerpot"},
				"south": {"uv": [5, 12, 1, 10], "texture": "#flowerpot"},
				"west": {"uv": [5, 12, 1, 10], "texture": "#flowerpot"},
				"up": {"uv": [4, 0, 8, 4], "texture": "#dirt"}
			}
		}
	]
}