{
	"credit": "mr_ch0c0late",
	"ambientocclusion": false,
	"textures": {
		"plant": "quark:block/potted/cocoa_bean",
		"particle": "#flowerpot",
		"flowerpot": "block/custom_flower_pot",
		"dirt": "block/jungle_log"
	},
	"elements": [
		{
			"from": [4, 4, 8],
			"to": [12, 12, 8],
			"shade": false,
			"rotation": {"angle": -45, "axis": "y", "origin": [8, 8, 8]},
			"faces": {
				"north": {"uv": [4, 8, 12, 16], "texture": "#plant"},
				"south": {"uv": [4, 8, 12, 16], "texture": "#plant"}
			}
		},
		{
			"from": [3, 4, 3],
			"to": [6, 8, 6],
			"faces": {
				"north": {"uv": [13, 12, 16, 16], "texture": "#plant"},
				"east": {"uv": [13, 12, 16, 16], "texture": "#plant"},
				"south": {"uv": [13, 12, 16, 16], "texture": "#plant"},
				"west": {"uv": [13, 12, 16, 16], "texture": "#plant"},
				"up": {"uv": [13, 9, 16, 12], "texture": "#plant"},
				"down": {"uv": [13, 9, 16, 12], "texture": "#plant"}
			}
		},
		{
			"from": [10, 4, 10],
			"to": [13, 8, 13],
			"faces": {
				"north": {"uv": [13, 12, 16, 16], "texture": "#plant"},
				"east": {"uv": [13, 12, 16, 16], "texture": "#plant"},
				"south": {"uv": [13, 12, 16, 16], "texture": "#plant"},
				"west": {"uv": [13, 12, 16, 16], "texture": "#plant"},
				"up": {"uv": [13, 9, 16, 12], "texture": "#plant"},
				"down": {"uv": [13, 9, 16, 12], "texture": "#plant"}
			}
		},
		{
			"from": [5, 0, 5],
			"to": [11, 6, 11],
			"faces": {
				"north": {"uv": [0, 10, 6, 16], "texture": "#flowerpot"},
				"east": {"uv": [0, 10, 6, 16], "texture": "#flowerpot"},
				"south": {"uv": [0, 10, 6, 16], "texture": "#flowerpot"},
				"west": {"uv": [0, 10, 6, 16], "texture": "#flowerpot"},
				"up": {"uv": [0, 4, 6, 10], "texture": "#flowerpot"},
				"down": {"uv": [6, 4, 12, 10], "texture": "#flowerpot", "cullface": "down"}
			}
		},
		{
			"from": [10.01, 6, 10.01],
			"to": [5.99, 3.98, 5.99],
			"faces": {
				"north": {"uv": [5, 12, 1, 10], "texture": "#flowerpot"},
				"east": {"uv": [5, 12, 1, 10], "texture": "#flowerpot"},
				"south": {"uv": [5, 12, 1, 10], "texture": "#flowerpot"},
				"west": {"uv": [5, 12, 1, 10], "texture": "#flowerpot"},
				"up": {"uv": [6, 6, 10, 10], "texture": "#dirt"}
			}
		}
	]
}