{
	"ambientocclusion": false,
	"textures": {
		"bamboo": "great_big_world:block/bamboo_torch_size0",
		"flowerpot": "block/flower_pot",
		"particle": "block/flower_pot",
		"dirt": "block/dirt"
	},
	"elements": [
        {   "from": [ 5, 0, 5 ],
            "to": [ 6, 6, 11 ],
            "faces": {
                "down":  { "uv": [ 5, 5, 6, 11 ], "texture": "#flowerpot", "cullface": "down" },
                "up":    { "uv": [ 5, 5, 6, 11 ], "texture": "#flowerpot" },
                "north": { "uv": [ 10, 10, 11, 16 ], "texture": "#flowerpot" },
                "south": { "uv": [ 5, 10, 6, 16 ], "texture": "#flowerpot" },
                "west":  { "uv": [ 5, 10, 11, 16 ], "texture": "#flowerpot" },
                "east":  { "uv": [ 5, 10, 11, 16 ], "texture": "#flowerpot" }
            }
        },
        {   "from": [ 10, 0, 5 ],
            "to": [ 11, 6, 11 ],
            "faces": {
                "down":  { "uv": [ 10, 5, 11, 11 ], "texture": "#flowerpot", "cullface": "down" },
                "up":    { "uv": [ 10, 5, 11, 11 ], "texture": "#flowerpot" },
                "north": { "uv": [ 5, 10, 6, 16 ], "texture": "#flowerpot" },
                "south": { "uv": [ 10, 10, 11, 16 ], "texture": "#flowerpot" },
                "west":  { "uv": [ 5, 10, 11, 16 ], "texture": "#flowerpot" },
                "east":  { "uv": [ 5, 10, 11, 16 ], "texture": "#flowerpot" }
            }
        },
        {   "from": [ 6, 0, 5 ],
            "to": [ 10, 6, 6 ],
            "faces": {
                "down":  { "uv": [ 6, 10, 10, 11 ], "texture": "#flowerpot", "cullface": "down" },
                "up":    { "uv": [ 6, 5, 10, 6 ], "texture": "#flowerpot" },
                "north": { "uv": [ 6, 10, 10, 16 ], "texture": "#flowerpot" },
                "south": { "uv": [ 6, 10, 10, 16 ], "texture": "#flowerpot" }
            }
        },
        {   "from": [ 6, 0, 10 ],
            "to": [ 10, 6, 11 ],
            "faces": {
                "down":  { "uv": [ 6, 5, 10, 6 ], "texture": "#flowerpot", "cullface": "down" },
                "up":    { "uv": [ 6, 10, 10, 11 ], "texture": "#flowerpot" },
                "north": { "uv": [ 6, 10, 10, 16 ], "texture": "#flowerpot" },
                "south": { "uv": [ 6, 10, 10, 16 ], "texture": "#flowerpot" }
            }
        },
        {   "from": [ 6, 0, 6 ],
            "to": [ 10, 4, 10 ],
            "faces": {
                "down": { "uv": [ 6, 12, 10, 16 ], "texture": "#flowerpot", "cullface": "down" },
                "up":   { "uv": [ 6, 6, 10, 10 ], "texture": "#dirt" }
            }
        },
		{
			"from": [7, 1, 7],
			"to": [9, 14, 9],
			"faces": {
				"north": {"uv": [7, 2, 9, 15], "texture": "#bamboo"},
				"east": {"uv": [7, 2, 9, 15], "texture": "#bamboo"},
				"south": {"uv": [7, 2, 9, 15], "texture": "#bamboo"},
				"west": {"uv": [7, 2, 9, 15], "texture": "#bamboo"},
				"up": {"uv": [7, 2, 9, 4], "texture": "#bamboo", "cullface": "up"},
				"down": {"uv": [7, 8, 9, 10], "texture": "#bamboo", "cullface": "down"}
			}
		},
		{
			"from": [0, 0, 8],
			"to": [16, 14, 8],
			"shade": false,
			"faces": {
				"north": {"uv": [0, 2, 16, 16], "texture": "#bamboo"},
				"east": {"uv": [0, 0, 0, 0], "texture": "#bamboo"},
				"south": {"uv": [16, 2, 0, 16], "texture": "#bamboo"},
				"west": {"uv": [0, 0, 0, 0], "texture": "#bamboo"},
				"up": {"uv": [0, 0, 0, 0], "texture": "#bamboo"},
				"down": {"uv": [0, 0, 0, 0], "texture": "#bamboo"}
			}
		},
		{
			"from": [8, 0, 0],
			"to": [8, 14, 16],
			"shade": false,
			"faces": {
				"north": {"uv": [0, 0, 0, 0], "texture": "#bamboo"},
				"east": {"uv": [16, 2, 0, 16], "texture": "#bamboo"},
				"south": {"uv": [0, 0, 0, 0], "texture": "#bamboo"},
				"west": {"uv": [0, 2, 16, 16], "texture": "#bamboo"},
				"up": {"uv": [0, 0, 0, 0], "rotation": 270, "texture": "#bamboo"},
				"down": {"uv": [0, 0, 0, 0], "rotation": 90, "texture": "#bamboo"}
			}
		}
	]
}