{
	"credit": "Made with Blockbench",
	"parent": "block/block",
	"textures": {
		"6": "block/stone",
		"particle": "block/dirt",
		"bottom": "block/dirt",
		"top": "block/grass_block_top",
		"side": "block/grass_block_side",
		"overlay": "block/grass_block_side_overlay"
	},
	"elements": [
		{
			"from": [0, 0, 0],
			"to": [16, 16, 16],
			"faces": {
				"north": {"uv": [0, 0, 16, 16], "texture": "#side", "cullface": "north"},
				"east": {"uv": [0, 0, 16, 16], "texture": "#side", "cullface": "east"},
				"south": {"uv": [0, 0, 16, 16], "texture": "#side", "cullface": "south"},
				"west": {"uv": [0, 0, 16, 16], "texture": "#side", "cullface": "west"},
				"up": {"uv": [0, 0, 16, 16], "texture": "#top", "cullface": "up", "tintindex": 0},
				"down": {"uv": [0, 0, 16, 16], "texture": "#bottom", "cullface": "down"}
			}
		},
		{
			"from": [0, 0, 0],
			"to": [16, 16, 16],
			"faces": {
				"north": {"uv": [0, 0, 16, 16], "texture": "#overlay", "cullface": "north", "tintindex": 0},
				"east": {"uv": [0, 0, 16, 16], "texture": "#overlay", "cullface": "east", "tintindex": 0},
				"south": {"uv": [0, 0, 16, 16], "texture": "#overlay", "cullface": "south", "tintindex": 0},
				"west": {"uv": [0, 0, 16, 16], "texture": "#overlay", "cullface": "west", "tintindex": 0}
			}
		},
		{
			"from": [4, 16, 4],
			"to": [7, 17, 8],
			"rotation": {"angle": 22.5, "axis": "y", "origin": [5, 16.5, 5.5]},
			"faces": {
				"north": {"uv": [0, 0, 3, 1], "texture": "#6"},
				"east": {"uv": [0, 0, 4, 1], "texture": "#6"},
				"south": {"uv": [0, 0, 3, 1], "texture": "#6"},
				"west": {"uv": [0, 0, 4, 1], "texture": "#6"},
				"up": {"uv": [0, 0, 3, 4], "texture": "#6"},
				"down": {"uv": [0, 0, 3, 4], "texture": "#6"}
			}
		}
	]
}