{
	"credit": "mr_ch0c0late",
	"ambientocclusion": false,
	"render_type": "minecraft:cutout",
	"textures": {
		"flowerpot": "block/custom_flower_pot",
		"plant": "biomesoplenty:block/clover_stem",
		"planttop": "biomesoplenty:block/clover",
		"particle": "#flowerpot",
        "dirt": "block/grass_block_top"
	},
	"elements": [
		{
			"from": [0, 9.3, 0],
			"to": [16, 9.3, 16],
			"shade": false,
			"faces": {
				"up": {"uv": [0, 0, 16, 16], "texture": "#planttop", "tintindex": 0},
				"down": {"uv": [0, 0, 16, 16], "rotation": 270, "texture": "#planttop", "tintindex": 0}
			}
		},
		{
			"from": [2.6, 4, 8],
			"to": [13.4, 16, 8],
			"shade": false,
			"rotation": {"angle": 45, "axis": "y", "origin": [8, 8, 8], "rescale": true},
			"faces": {
				"north": {"uv": [0, 0, 16, 16], "texture": "#plant", "tintindex": 0},
				"south": {"uv": [0, 0, 16, 16], "texture": "#plant", "tintindex": 0}
			}
		},
		{
			"from": [8, 4, 2.6],
			"to": [8, 16, 13.4],
			"shade": false,
			"rotation": {"angle": 45, "axis": "y", "origin": [8, 8, 8], "rescale": true},
			"faces": {
				"east": {"uv": [0, 0, 16, 16], "texture": "#plant", "tintindex": 0},
				"west": {"uv": [0, 0, 16, 16], "texture": "#plant", "tintindex": 0}
			}
		},
		{
			"from": [5, 0, 5],
			"to": [11, 6, 11],
			"faces": {
				"north": {"uv": [0, 10, 6, 16], "texture": "#flowerpot"},
				"east": {"uv": [0, 10, 6, 16], "texture": "#flowerpot"},
				"south": {"uv": [0, 10, 6, 16], "texture": "#flowerpot"},
				"west": {"uv": [0, 10, 6, 16], "texture": "#flowerpot"},
				"up": {"uv": [0, 4, 6, 10], "texture": "#flowerpot"},
				"down": {"uv": [6, 4, 12, 10], "texture": "#flowerpot", "cullface": "down"}
			}
		},
		{
			"from": [6, 4, 6],
			"to": [10, 4, 10],
			"faces": {
				"up": {"uv": [5, 6, 9, 10], "texture": "#dirt", "tintindex": 0}
			}
		},
		{
			"from": [10, 6, 10],
			"to": [6, 4, 6],
			"faces": {
				"north": {"uv": [5, 12, 1, 10], "texture": "#flowerpot"},
				"east": {"uv": [5, 12, 1, 10], "texture": "#flowerpot"},
				"south": {"uv": [5, 12, 1, 10], "texture": "#flowerpot"},
				"west": {"uv": [5, 12, 1, 10], "texture": "#flowerpot"}
			}
		}
	]
}