{
	"credit": "mr_ch0c0late",
	"ambientocclusion": false,
	"render_type": "minecraft:cutout",
	"textures": {
		"cross_flipped": "environmental:block/cartwheel_stem_flipped",
		"cross": "environmental:block/cartwheel_stem",
		"back": "environmental:block/cartwheel_back",
		"front": "environmental:block/cartwheel_front",
		"flowerpot": "block/custom_flower_pot",
		"dirt": "block/flower_pot_soil",
		"particle": "#flowerpot"
	},
	"elements": [
		{
			"from": [8, 4, 1.8],
			"to": [8, 10, 14.2],
			"shade": false,
			"rotation": {"angle": 45, "axis": "y", "origin": [8, 12, 8], "rescale": true},
			"faces": {
				"east": {"uv": [0, 8, 16, 16], "texture": "#cross"},
				"west": {"uv": [0, 8, 16, 16], "texture": "#cross_flipped"}
			}
		},
		{
			"from": [8, 4, 1.8],
			"to": [8, 10, 14.2],
			"shade": false,
			"rotation": {"angle": -45, "axis": "y", "origin": [8, 12, 8], "rescale": true},
			"faces": {
				"east": {"uv": [0, 8, 16, 16], "texture": "#cross"},
				"west": {"uv": [0, 8, 16, 16], "texture": "#cross_flipped"}
			}
		},
		{
			"from": [1.5, 3, 8.75],
			"to": [13.5, 15, 8.75],
			"shade": false,
			"rotation": {"angle": 22.5, "axis": "x", "origin": [8, 12, 9], "rescale": true},
			"faces": {
				"north": {"uv": [0, 0, 16, 16], "texture": "#front"},
				"south": {"uv": [0, 0, 16, 16], "texture": "#back"}
			}
		},
		{
			"from": [5, 0, 5],
			"to": [6, 6, 11],
			"faces": {
				"north": {"uv": [5, 10, 6, 16], "texture": "#flowerpot"},
				"east": {"uv": [0, 10, 6, 16], "texture": "#flowerpot"},
				"south": {"uv": [0, 10, 1, 16], "texture": "#flowerpot"},
				"west": {"uv": [0, 10, 6, 16], "texture": "#flowerpot"},
				"up": {"uv": [0, 4, 1, 10], "texture": "#flowerpot"},
				"down": {"uv": [6, 4, 7, 10], "texture": "#flowerpot", "cullface": "down"}
			}
		},
		{
			"from": [6, 0, 5],
			"to": [10, 6, 6],
			"faces": {
				"north": {"uv": [1, 10, 5, 16], "texture": "#flowerpot"},
				"south": {"uv": [1, 10, 5, 16], "texture": "#flowerpot"},
				"up": {"uv": [1, 4, 5, 5], "texture": "#flowerpot"},
				"down": {"uv": [7, 9, 11, 10], "texture": "#flowerpot", "cullface": "down"}
			}
		},
		{
			"from": [10, 0, 5],
			"to": [11, 6, 11],
			"faces": {
				"north": {"uv": [0, 10, 1, 16], "texture": "#flowerpot"},
				"east": {"uv": [0, 10, 6, 16], "texture": "#flowerpot"},
				"south": {"uv": [5, 10, 6, 16], "texture": "#flowerpot"},
				"west": {"uv": [0, 10, 6, 16], "texture": "#flowerpot"},
				"up": {"uv": [5, 4, 6, 10], "texture": "#flowerpot"},
				"down": {"uv": [11, 4, 12, 10], "texture": "#flowerpot", "cullface": "down"}
			}
		},
		{
			"from": [6, 0, 10],
			"to": [10, 6, 11],
			"faces": {
				"north": {"uv": [1, 10, 5, 16], "texture": "#flowerpot"},
				"south": {"uv": [1, 10, 5, 16], "texture": "#flowerpot"},
				"up": {"uv": [1, 9, 5, 10], "texture": "#flowerpot"},
				"down": {"uv": [7, 4, 11, 5], "texture": "#flowerpot", "cullface": "down"}
			}
		},
		{
			"from": [6, 0, 6],
			"to": [10, 4, 10],
			"faces": {
				"up": {"uv": [4, 0, 8, 4], "texture": "#dirt"},
				"down": {"uv": [7, 5, 11, 9], "texture": "#flowerpot", "cullface": "down"}
			}
		}
	]
}